,mean_fit_time,std_fit_time,mean_score_time,std_score_time,param_tree_method,param_subsample,param_reg_lambda,param_reg_alpha,param_n_estimators,param_min_child_weight,param_max_depth,param_learning_rate,param_gamma,param_colsample_bytree,param_colsample_bylevel,params,split0_test_score,split1_test_score,split2_test_score,split3_test_score,split4_test_score,split5_test_score,split6_test_score,split7_test_score,split8_test_score,split9_test_score,mean_test_score,std_test_score,rank_test_score
0,0.002985358238220215,0.0012992006196007805,0.0,0.0,gpu_hist,0.8,1.5,0.0,5000,3,4,0.0001,0.5,0.9,0.7,"{'tree_method': 'gpu_hist', 'subsample': 0.8, 'reg_lambda': 1.5, 'reg_alpha': 0, 'n_estimators': 5000, 'min_child_weight': 3, 'max_depth': 4, 'learning_rate': 0.0001, 'gamma': 0.5, 'colsample_bytree': 0.9, 'colsample_bylevel': 0.7}",,,,,,,,,,,,,84
1,0.001450181007385254,0.0006938965246626856,0.0,0.0,gpu_hist,0.7,0.5,1.0,5000,5,3,0.0001,0.1,0.8,0.9,"{'tree_method': 'gpu_hist', 'subsample': 0.7, 'reg_lambda': 0.5, 'reg_alpha': 1.0, 'n_estimators': 5000, 'min_child_weight': 5, 'max_depth': 3, 'learning_rate': 0.0001, 'gamma': 0.1, 'colsample_bytree': 0.8, 'colsample_bylevel': 0.9}",,,,,,,,,,,,,84
2,0.0014310359954833984,0.0007047664151292892,0.0,0.0,gpu_hist,0.7,1.0,1.0,3000,3,5,0.0005,0.01,0.8,0.8,"{'tree_method': 'gpu_hist', 'subsample': 0.7, 'reg_lambda': 1.0, 'reg_alpha': 1.0, 'n_estimators': 3000, 'min_child_weight': 3, 'max_depth': 5, 'learning_rate': 0.0005, 'gamma': 0.01, 'colsample_bytree': 0.8, 'colsample_bylevel': 0.8}",,,,,,,,,,,,,84
3,0.0017139673233032226,0.0009464787673435108,0.0,0.0,gpu_hist,1.0,1.0,2.0,5000,10,2,0.001,0.3,0.9,0.6,"{'tree_method': 'gpu_hist', 'subsample': 1.0, 'reg_lambda': 1.0, 'reg_alpha': 2.0, 'n_estimators': 5000, 'min_child_weight': 10, 'max_depth': 2, 'learning_rate': 0.001, 'gamma': 0.3, 'colsample_bytree': 0.9, 'colsample_bylevel': 0.6}",,,,,,,,,,,,,84
4,0.001005077362060547,0.000916407040816701,0.0,0.0,gpu_hist,0.9,10.0,5.0,1000,3,6,0.0005,0.3,1.0,1.0,"{'tree_method': 'gpu_hist', 'subsample': 0.9, 'reg_lambda': 10.0, 'reg_alpha': 5.0, 'n_estimators': 1000, 'min_child_weight': 3, 'max_depth': 6, 'learning_rate': 0.0005, 'gamma': 0.3, 'colsample_bytree': 1.0, 'colsample_bylevel': 1.0}",,,,,,,,,,,,,84
5,0.10599062442779542,0.06241746340193303,0.0010122537612915039,0.000699641683024949,hist,0.9,1.5,5.0,1000,5,5,0.01,0.0,1.0,1.0,"{'tree_method': 'hist', 'subsample': 0.9, 'reg_lambda': 1.5, 'reg_alpha': 5.0, 'n_estimators': 1000, 'min_child_weight': 5, 'max_depth': 5, 'learning_rate': 0.01, 'gamma': 0, 'colsample_bytree': 1.0, 'colsample_bylevel': 1.0}",-0.0038356255254389676,-0.004618056925334066,-0.004812379795913662,-0.04441514452830485,-0.3433267979904012,-0.179493798444253,-0.043806267478352284,-0.028019630131947346,-0.01453002016202902,-0.0020470216387928875,-0.06689047426207673,0.10502345523289285,53
6,0.0014620542526245118,0.0007534451944257391,0.0,0.0,gpu_hist,0.7,10.0,1.0,1000,5,7,0.01,0.01,1.0,0.6,"{'tree_method': 'gpu_hist', 'subsample': 0.7, 'reg_lambda': 10.0, 'reg_alpha': 1.0, 'n_estimators': 1000, 'min_child_weight': 5, 'max_depth': 7, 'learning_rate': 0.01, 'gamma': 0.01, 'colsample_bytree': 1.0, 'colsample_bylevel': 0.6}",,,,,,,,,,,,,84
7,0.0011981725692749023,0.00044350560064385455,0.0,0.0,gpu_hist,0.6,0.5,5.0,5000,2,6,0.01,0.2,0.6,0.9,"{'tree_method': 'gpu_hist', 'subsample': 0.6, 'reg_lambda': 0.5, 'reg_alpha': 5.0, 'n_estimators': 5000, 'min_child_weight': 2, 'max_depth': 6, 'learning_rate': 0.01, 'gamma': 0.2, 'colsample_bytree': 0.6, 'colsample_bylevel': 0.9}",,,,,,,,,,,,,84
8,0.0009437084197998046,0.00040865354524778364,0.0,0.0,gpu_hist,0.7,2.0,5.0,3000,1,4,0.01,0.01,1.0,0.6,"{'tree_method': 'gpu_hist', 'subsample': 0.7, 'reg_lambda': 2.0, 'reg_alpha': 5.0, 'n_estimators': 3000, 'min_child_weight': 1, 'max_depth': 4, 'learning_rate': 0.01, 'gamma': 0.01, 'colsample_bytree': 1.0, 'colsample_bylevel': 0.6}",,,,,,,,,,,,,84
9,0.00118408203125,0.0004560090526402206,0.0,0.0,gpu_hist,0.7,0.1,0.1,2000,5,3,0.001,0.0,0.8,0.8,"{'tree_method': 'gpu_hist', 'subsample': 0.7, 'reg_lambda': 0.1, 'reg_alpha': 0.1, 'n_estimators': 2000, 'min_child_weight': 5, 'max_depth': 3, 'learning_rate': 0.001, 'gamma': 0, 'colsample_bytree': 0.8, 'colsample_bylevel': 0.8}",,,,,,,,,,,,,84
10,0.27718756198883054,0.07003783958316381,0.0010962486267089844,0.0008768505785200326,hist,0.9,10.0,0.1,5000,7,7,0.01,0.1,0.5,1.0,"{'tree_method': 'hist', 'subsample': 0.9, 'reg_lambda': 10.0, 'reg_alpha': 0.1, 'n_estimators': 5000, 'min_child_weight': 7, 'max_depth': 7, 'learning_rate': 0.01, 'gamma': 0.1, 'colsample_bytree': 0.5, 'colsample_bylevel': 1.0}",-0.0037645633056374497,-0.00457590383968208,-0.004589124305688721,-0.041190844030120355,-0.2774591945950484,-0.04452858588118264,-0.00979452665343473,-0.007143535706077403,-0.015117759077965824,-0.0017765259156954706,-0.04099405633105331,0.08018278814460833,19
11,0.2023538112640381,0.08599916500919856,0.0007164955139160156,0.0002507815046733652,hist,0.9,1.5,0.1,2000,1,3,0.001,0.05,0.5,1.0,"{'tree_method': 'hist', 'subsample': 0.9, 'reg_lambda': 1.5, 'reg_alpha': 0.1, 'n_estimators': 2000, 'min_child_weight': 1, 'max_depth': 3, 'learning_rate': 0.001, 'gamma': 0.05, 'colsample_bytree': 0.5, 'colsample_bylevel': 1.0}",-0.00190325414214542,-0.0029086788171941848,-0.003696177426876011,-0.03513835354242444,-0.20774359371386594,-0.044060309131397815,-0.014165751987062186,-0.012553073703038823,-0.012745653089041294,-0.0014275272639857335,-0.033634237281703186,0.0596399853254761,12
12,0.0007163763046264648,8.961830909657395e-05,0.0,0.0,gpu_hist,1.0,1.0,0.1,3000,5,3,0.001,0.1,0.5,0.6,"{'tree_method': 'gpu_hist', 'subsample': 1.0, 'reg_lambda': 1.0, 'reg_alpha': 0.1, 'n_estimators': 3000, 'min_child_weight': 5, 'max_depth': 3, 'learning_rate': 0.001, 'gamma': 0.1, 'colsample_bytree': 0.5, 'colsample_bylevel': 0.6}",,,,,,,,,,,,,84
13,0.0010715246200561524,0.0006009213985984245,0.0,0.0,gpu_hist,0.6,0.1,0.1,2000,7,8,0.01,0.0,0.5,1.0,"{'tree_method': 'gpu_hist', 'subsample': 0.6, 'reg_lambda': 0.1, 'reg_alpha': 0.1, 'n_estimators': 2000, 'min_child_weight': 7, 'max_depth': 8, 'learning_rate': 0.01, 'gamma': 0, 'colsample_bytree': 0.5, 'colsample_bylevel': 1.0}",,,,,,,,,,,,,84
14,0.10938034057617188,0.027762114676816767,0.0007570743560791016,0.0002809069351231989,hist,0.7,5.0,1.0,2000,10,6,0.01,0.05,0.8,0.6,"{'tree_method': 'hist', 'subsample': 0.7, 'reg_lambda': 5.0, 'reg_alpha': 1.0, 'n_estimators': 2000, 'min_child_weight': 10, 'max_depth': 6, 'learning_rate': 0.01, 'gamma': 0.05, 'colsample_bytree': 0.8, 'colsample_bylevel': 0.6}",-0.0038356255254389676,-0.004618056925334066,-0.004812379795913662,-0.04441514452830485,-0.2992785989622773,-0.06072640886608181,-0.01285824323574856,-0.00996868854167962,-0.015062066282959329,-0.0020682765654330957,-0.04576434892291713,0.08650975408699906,24
15,0.2488015413284302,0.1226904019472014,0.0010115861892700194,0.00031790271391343917,approx,0.9,1.5,0.0,3000,5,5,0.0005,0.1,0.6,0.6,"{'tree_method': 'approx', 'subsample': 0.9, 'reg_lambda': 1.5, 'reg_alpha': 0, 'n_estimators': 3000, 'min_child_weight': 5, 'max_depth': 5, 'learning_rate': 0.0005, 'gamma': 0.1, 'colsample_bytree': 0.6, 'colsample_bylevel': 0.6}",-0.0029369733526321508,-0.003700820606938537,-0.003956250229655558,-0.038318025326765204,-0.2407303953079021,-0.06398280258403541,-0.0247012932900781,-0.022978767389961005,-0.011304921105585527,-0.0012715050137075633,-0.04138817542072611,0.06905718795220911,20
16,0.0010592222213745117,0.0004648453102062858,0.0,0.0,gpu_hist,0.7,5.0,5.0,2000,1,6,0.0001,0.1,0.7,0.8,"{'tree_method': 'gpu_hist', 'subsample': 0.7, 'reg_lambda': 5.0, 'reg_alpha': 5.0, 'n_estimators': 2000, 'min_child_weight': 1, 'max_depth': 6, 'learning_rate': 0.0001, 'gamma': 0.1, 'colsample_bytree': 0.7, 'colsample_bylevel': 0.8}",,,,,,,,,,,,,84
17,0.0008661746978759766,0.00046528251597376206,0.0,0.0,gpu_hist,0.8,1.0,0.5,5000,10,9,0.01,0.05,0.9,1.0,"{'tree_method': 'gpu_hist', 'subsample': 0.8, 'reg_lambda': 1.0, 'reg_alpha': 0.5, 'n_estimators': 5000, 'min_child_weight': 10, 'max_depth': 9, 'learning_rate': 0.01, 'gamma': 0.05, 'colsample_bytree': 0.9, 'colsample_bylevel': 1.0}",,,,,,,,,,,,,84
18,0.04888341426849365,0.019024182706438558,0.0007901430130004883,0.0003924227634614643,approx,0.7,0.01,0.01,500,7,2,0.0001,0.01,1.0,1.0,"{'tree_method': 'approx', 'subsample': 0.7, 'reg_lambda': 0.01, 'reg_alpha': 0.01, 'n_estimators': 500, 'min_child_weight': 7, 'max_depth': 2, 'learning_rate': 0.0001, 'gamma': 0.01, 'colsample_bytree': 1.0, 'colsample_bylevel': 1.0}",-0.003478525853972683,-0.004316445400737674,-0.004726891896040508,-0.043239679645291025,-0.33306169721489454,-0.3343903129654965,-0.2262648663867149,-0.200576344613194,-0.059499913967997815,-0.01142742794436474,-0.12209821058887042,0.13064741718213846,82
19,0.0014423608779907226,0.0004184383277327786,0.0,0.0,gpu_hist,0.6,1.0,0.01,3000,2,7,0.0001,0.5,1.0,0.9,"{'tree_method': 'gpu_hist', 'subsample': 0.6, 'reg_lambda': 1.0, 'reg_alpha': 0.01, 'n_estimators': 3000, 'min_child_weight': 2, 'max_depth': 7, 'learning_rate': 0.0001, 'gamma': 0.5, 'colsample_bytree': 1.0, 'colsample_bylevel': 0.9}",,,,,,,,,,,,,84
20,0.001116943359375,0.0004578389761497202,0.0,0.0,gpu_hist,0.6,1.5,0.5,500,3,4,0.0005,0.0,1.0,0.8,"{'tree_method': 'gpu_hist', 'subsample': 0.6, 'reg_lambda': 1.5, 'reg_alpha': 0.5, 'n_estimators': 500, 'min_child_weight': 3, 'max_depth': 4, 'learning_rate': 0.0005, 'gamma': 0, 'colsample_bytree': 1.0, 'colsample_bylevel': 0.8}",,,,,,,,,,,,,84
21,0.06114332675933838,0.023068533455689426,0.0006924867630004883,0.00022426179912693123,hist,1.0,1.0,0.5,1000,7,6,0.005,0.2,0.6,1.0,"{'tree_method': 'hist', 'subsample': 1.0, 'reg_lambda': 1.0, 'reg_alpha': 0.5, 'n_estimators': 1000, 'min_child_weight': 7, 'max_depth': 6, 'learning_rate': 0.005, 'gamma': 0.2, 'colsample_bytree': 0.6, 'colsample_bylevel': 1.0}",-0.0038356255254389676,-0.004618056925334066,-0.004812379795913662,-0.04441514452830485,-0.315541024048217,-0.06467657979060865,-0.01614102352022554,-0.012711698914643042,-0.013752584888259495,-0.0019678123845964512,-0.04824719303215417,0.09116924361755069,29
22,0.13680758476257324,0.025534784587734803,0.0008027553558349609,0.00032986507607400445,hist,0.8,1.5,0.01,3000,5,8,0.1,0.01,0.5,0.5,"{'tree_method': 'hist', 'subsample': 0.8, 'reg_lambda': 1.5, 'reg_alpha': 0.01, 'n_estimators': 3000, 'min_child_weight': 5, 'max_depth': 8, 'learning_rate': 0.1, 'gamma': 0.01, 'colsample_bytree': 0.5, 'colsample_bylevel': 0.5}",-0.001342671726185503,-0.0018673151176944523,-0.0041680447820705725,-0.026488286330690124,-0.09947186238772125,-0.010707575193622164,-0.0067888413037055775,-0.0014370070794090955,-0.014553008184311468,-0.0012730550829556195,-0.01680976671883658,0.028582296298927508,2
23,0.0008249521255493164,0.0003545410525017806,0.0,0.0,gpu_hist,0.6,2.0,0.1,5000,7,8,0.0001,0.2,0.7,0.8,"{'tree_method': 'gpu_hist', 'subsample': 0.6, 'reg_lambda': 2.0, 'reg_alpha': 0.1, 'n_estimators': 5000, 'min_child_weight': 7, 'max_depth': 8, 'learning_rate': 0.0001, 'gamma': 0.2, 'colsample_bytree': 0.7, 'colsample_bylevel': 0.8}",,,,,,,,,,,,,84
24,0.7384746551513672,0.4110964351430327,0.0013271331787109374,0.0007063560912520335,approx,1.0,0.5,1.0,5000,1,9,0.0001,0.01,0.8,0.8,"{'tree_method': 'approx', 'subsample': 1.0, 'reg_lambda': 0.5, 'reg_alpha': 1.0, 'n_estimators': 5000, 'min_child_weight': 1, 'max_depth': 9, 'learning_rate': 0.0001, 'gamma': 0.01, 'colsample_bytree': 0.8, 'colsample_bylevel': 0.8}",-0.0038356255254389676,-0.004618056925334066,-0.00453506667440452,-0.04171519303931123,-0.30871656794563485,-0.19483140752285066,-0.11178216625160717,-0.1010661385891313,-0.02095161208256195,-0.01112057092472711,-0.08031724054810017,0.0968636269347828,60
25,0.2659496307373047,0.06476357421275859,0.0006891489028930664,4.117541321120412e-05,hist,1.0,5.0,1.0,5000,10,9,0.005,0.2,0.6,0.8,"{'tree_method': 'hist', 'subsample': 1.0, 'reg_lambda': 5.0, 'reg_alpha': 1.0, 'n_estimators': 5000, 'min_child_weight': 10, 'max_depth': 9, 'learning_rate': 0.005, 'gamma': 0.2, 'colsample_bytree': 0.6, 'colsample_bylevel': 0.8}",-0.0038356255254389676,-0.004618056925334066,-0.004812379795913662,-0.04441514452830485,-0.3406666859227774,-0.08759789961574395,-0.02264156300685831,-0.016474821461871115,-0.014462482441867071,-0.0018616002518047254,-0.05413862594759141,0.09871467283385296,39
26,0.25953691005706786,0.04555316378220981,0.0008062601089477539,0.0002674711567699243,hist,1.0,1.0,0.01,5000,1,6,0.05,0.5,0.7,0.6,"{'tree_method': 'hist', 'subsample': 1.0, 'reg_lambda': 1.0, 'reg_alpha': 0.01, 'n_estimators': 5000, 'min_child_weight': 1, 'max_depth': 6, 'learning_rate': 0.05, 'gamma': 0.5, 'colsample_bytree': 0.7, 'colsample_bylevel': 0.6}",-0.0038356255254389676,-0.004618056925334066,-0.004812379795913662,-0.04441514452830485,-0.3433267979904012,-0.07699858084481058,-0.026585790501993306,-0.017831923831655952,-0.013455566653422102,-0.0018428771074358796,-0.053772274370471065,0.09905989578562226,36
27,0.14896717071533203,0.019890718728488563,0.0008634567260742187,0.0003079083820121139,approx,1.0,5.0,1.0,3000,5,5,0.1,0.1,0.7,0.5,"{'tree_method': 'approx', 'subsample': 1.0, 'reg_lambda': 5.0, 'reg_alpha': 1.0, 'n_estimators': 3000, 'min_child_weight': 5, 'max_depth': 5, 'learning_rate': 0.1, 'gamma': 0.1, 'colsample_bytree': 0.7, 'colsample_bylevel': 0.5}",-0.0038356255254389676,-0.004618056925334066,-0.004812379795913662,-0.04441514452830485,-0.31552251484602734,-0.06767663114389662,-0.014477124082213834,-0.012119901619553288,-0.013602044221954771,-0.0017640880829764,-0.04828435107716138,0.0913221262754926,30
28,0.0012761592864990235,0.0006639067746044223,0.0,0.0,gpu_hist,0.6,1.0,5.0,500,10,9,0.001,0.2,0.7,0.8,"{'tree_method': 'gpu_hist', 'subsample': 0.6, 'reg_lambda': 1.0, 'reg_alpha': 5.0, 'n_estimators': 500, 'min_child_weight': 10, 'max_depth': 9, 'learning_rate': 0.001, 'gamma': 0.2, 'colsample_bytree': 0.7, 'colsample_bylevel': 0.8}",,,,,,,,,,,,,84
29,0.0007046937942504882,0.00016136566969132007,0.0,0.0,gpu_hist,0.9,2.0,0.01,1000,5,5,0.005,0.05,0.7,0.6,"{'tree_method': 'gpu_hist', 'subsample': 0.9, 'reg_lambda': 2.0, 'reg_alpha': 0.01, 'n_estimators': 1000, 'min_child_weight': 5, 'max_depth': 5, 'learning_rate': 0.005, 'gamma': 0.05, 'colsample_bytree': 0.7, 'colsample_bylevel': 0.6}",,,,,,,,,,,,,84
30,0.10983219146728515,0.03382668086134342,0.0007331371307373047,0.0002579217213622079,hist,0.5,0.01,0.5,2000,7,9,0.005,0.5,0.7,0.7,"{'tree_method': 'hist', 'subsample': 0.5, 'reg_lambda': 0.01, 'reg_alpha': 0.5, 'n_estimators': 2000, 'min_child_weight': 7, 'max_depth': 9, 'learning_rate': 0.005, 'gamma': 0.5, 'colsample_bytree': 0.7, 'colsample_bylevel': 0.7}",-0.0037698888391163136,-0.004564450434279819,-0.004901419578540636,-0.04489456993609664,-0.3463378396952198,-0.10784458117059958,-0.03600376519233002,-0.02696142476589172,-0.011991189614825166,-0.001754179287990834,-0.05890233085148905,0.10056348989333738,44
31,0.045782732963562014,0.010408852889381235,0.0007318973541259766,0.000244612043071604,approx,0.8,0.01,5.0,1000,7,8,0.05,0.5,0.7,0.6,"{'tree_method': 'approx', 'subsample': 0.8, 'reg_lambda': 0.01, 'reg_alpha': 5.0, 'n_estimators': 1000, 'min_child_weight': 7, 'max_depth': 8, 'learning_rate': 0.05, 'gamma': 0.5, 'colsample_bytree': 0.7, 'colsample_bylevel': 0.6}",-0.0038356255254389676,-0.004618056925334066,-0.004812379795913662,-0.04441514452830485,-0.3433267979904012,-0.31578137207299883,-0.09450328096841232,-0.06333676884406592,-0.011426777087356354,-0.001640511705050678,-0.08876967154432769,0.12405571359519742,68
32,0.4232954025268555,0.17352067967362902,0.0010923147201538086,0.0004930781462486524,hist,0.7,1.5,1.0,5000,10,4,0.0001,0.0,0.8,0.6,"{'tree_method': 'hist', 'subsample': 0.7, 'reg_lambda': 1.5, 'reg_alpha': 1.0, 'n_estimators': 5000, 'min_child_weight': 10, 'max_depth': 4, 'learning_rate': 0.0001, 'gamma': 0, 'colsample_bytree': 0.8, 'colsample_bylevel': 0.6}",-0.0038356255254389676,-0.004606584268669105,-0.004657259433156162,-0.042716222934921555,-0.3179136306633654,-0.2155774203696546,-0.11939465182671696,-0.10612510826591204,-0.02171721124751993,-0.0038770037780756685,-0.08404207183134302,0.10237118280001448,63
33,0.0015751838684082032,0.0005911465737021784,0.0,0.0,gpu_hist,0.6,0.5,1.0,1000,5,4,0.05,0.01,1.0,0.5,"{'tree_method': 'gpu_hist', 'subsample': 0.6, 'reg_lambda': 0.5, 'reg_alpha': 1.0, 'n_estimators': 1000, 'min_child_weight': 5, 'max_depth': 4, 'learning_rate': 0.05, 'gamma': 0.01, 'colsample_bytree': 1.0, 'colsample_bylevel': 0.5}",,,,,,,,,,,,,84
34,0.07432770729064941,0.036611186831086696,0.000911259651184082,0.0006614766924241773,hist,0.6,5.0,2.0,1000,10,5,0.001,0.5,0.9,0.7,"{'tree_method': 'hist', 'subsample': 0.6, 'reg_lambda': 5.0, 'reg_alpha': 2.0, 'n_estimators': 1000, 'min_child_weight': 10, 'max_depth': 5, 'learning_rate': 0.001, 'gamma': 0.5, 'colsample_bytree': 0.9, 'colsample_bylevel': 0.7}",-0.0038356255254389676,-0.004618056925334066,-0.004812379795913662,-0.04441514452830485,-0.3433267979904012,-0.2636600729396962,-0.09759817442012325,-0.07652701601434708,-0.014153915454930086,-0.0015315184088446742,-0.0854478702003334,0.1148881666232113,66
35,0.001048707962036133,0.00038630939932250864,0.0,0.0,gpu_hist,0.8,0.01,0.1,3000,7,3,0.1,0.01,0.8,0.7,"{'tree_method': 'gpu_hist', 'subsample': 0.8, 'reg_lambda': 0.01, 'reg_alpha': 0.1, 'n_estimators': 3000, 'min_child_weight': 7, 'max_depth': 3, 'learning_rate': 0.1, 'gamma': 0.01, 'colsample_bytree': 0.8, 'colsample_bylevel': 0.7}",,,,,,,,,,,,,84
36,0.056116127967834474,0.026270043790643113,0.0008219242095947266,0.00030195355272037255,hist,0.8,0.1,0.5,500,2,4,0.005,0.3,1.0,1.0,"{'tree_method': 'hist', 'subsample': 0.8, 'reg_lambda': 0.1, 'reg_alpha': 0.5, 'n_estimators': 500, 'min_child_weight': 2, 'max_depth': 4, 'learning_rate': 0.005, 'gamma': 0.3, 'colsample_bytree': 1.0, 'colsample_bylevel': 1.0}",-0.0038364186200039825,-0.004620509829602722,-0.004810621135742245,-0.04438969444234328,-0.33320292088699577,-0.0755514870206951,-0.022909592749402456,-0.017027293924758435,-0.013497386336350012,-0.0019079956203794655,-0.05217539205662734,0.0961975834659527,31
37,0.34931347370147703,0.10691398156784293,0.0010291337966918945,0.00025879978746760695,hist,0.6,2.0,0.5,5000,2,4,0.01,0.05,1.0,0.9,"{'tree_method': 'hist', 'subsample': 0.6, 'reg_lambda': 2.0, 'reg_alpha': 0.5, 'n_estimators': 5000, 'min_child_weight': 2, 'max_depth': 4, 'learning_rate': 0.01, 'gamma': 0.05, 'colsample_bytree': 1.0, 'colsample_bylevel': 0.9}",-0.003691607595473211,-0.004488138686508842,-0.004706944415391509,-0.0412206067855102,-0.2703561898340374,-0.041478068126683865,-0.009925732486181624,-0.006306766245571807,-0.01324406701850949,-0.0031515575344209235,-0.039856967872828886,0.07810622179691791,17
38,0.0009065628051757813,0.000405011629860703,0.0,0.0,gpu_hist,0.8,0.1,0.01,3000,7,6,0.05,0.3,0.7,1.0,"{'tree_method': 'gpu_hist', 'subsample': 0.8, 'reg_lambda': 0.1, 'reg_alpha': 0.01, 'n_estimators': 3000, 'min_child_weight': 7, 'max_depth': 6, 'learning_rate': 0.05, 'gamma': 0.3, 'colsample_bytree': 0.7, 'colsample_bylevel': 1.0}",,,,,,,,,,,,,84
39,0.0311603307723999,0.009303602871424965,0.0006865024566650391,0.00020474760146315646,hist,0.5,10.0,0.5,500,1,6,0.0005,0.3,0.5,0.7,"{'tree_method': 'hist', 'subsample': 0.5, 'reg_lambda': 10.0, 'reg_alpha': 0.5, 'n_estimators': 500, 'min_child_weight': 1, 'max_depth': 6, 'learning_rate': 0.0005, 'gamma': 0.3, 'colsample_bytree': 0.5, 'colsample_bylevel': 0.7}",-0.0038337044382051543,-0.004617401574562342,-0.004813239488980454,-0.044418371893622056,-0.34350738785344526,-0.3130108775946616,-0.19360782101099125,-0.16567833565532436,-0.04124732041324391,-0.005176043983769978,-0.11199105039068065,0.12619302285951217,79
40,0.0009018182754516602,0.0004375825541871591,0.0,0.0,gpu_hist,0.9,0.5,0.0,1000,10,7,0.001,0.0,0.8,0.9,"{'tree_method': 'gpu_hist', 'subsample': 0.9, 'reg_lambda': 0.5, 'reg_alpha': 0, 'n_estimators': 1000, 'min_child_weight': 10, 'max_depth': 7, 'learning_rate': 0.001, 'gamma': 0, 'colsample_bytree': 0.8, 'colsample_bylevel': 0.9}",,,,,,,,,,,,,84
41,0.25191195011138917,0.05455583562586896,0.0008812665939331055,0.00029046916317284797,hist,0.6,1.5,1.0,5000,7,5,0.1,0.2,0.7,0.5,"{'tree_method': 'hist', 'subsample': 0.6, 'reg_lambda': 1.5, 'reg_alpha': 1.0, 'n_estimators': 5000, 'min_child_weight': 7, 'max_depth': 5, 'learning_rate': 0.1, 'gamma': 0.2, 'colsample_bytree': 0.7, 'colsample_bylevel': 0.5}",-0.0038356255254389676,-0.004618056925334066,-0.004838162486866596,-0.04459381476485683,-0.3440015154336854,-0.08326944192793528,-0.0194454050794197,-0.015233166397013463,-0.012794281221966713,-0.0025939630450632525,-0.05352234328075802,0.09972616522003908,35
42,0.0008641481399536133,0.00030433929904399246,0.0,0.0,gpu_hist,0.9,1.5,0.01,1000,7,7,0.0001,0.01,1.0,0.5,"{'tree_method': 'gpu_hist', 'subsample': 0.9, 'reg_lambda': 1.5, 'reg_alpha': 0.01, 'n_estimators': 1000, 'min_child_weight': 7, 'max_depth': 7, 'learning_rate': 0.0001, 'gamma': 0.01, 'colsample_bytree': 1.0, 'colsample_bylevel': 0.5}",,,,,,,,,,,,,84
43,0.0008131742477416992,0.00038942037219265595,0.0,0.0,gpu_hist,1.0,10.0,0.1,2000,5,7,0.001,0.1,0.8,1.0,"{'tree_method': 'gpu_hist', 'subsample': 1.0, 'reg_lambda': 10.0, 'reg_alpha': 0.1, 'n_estimators': 2000, 'min_child_weight': 5, 'max_depth': 7, 'learning_rate': 0.001, 'gamma': 0.1, 'colsample_bytree': 0.8, 'colsample_bylevel': 1.0}",,,,,,,,,,,,,84
44,0.0006749391555786133,9.812182882268539e-05,0.0,0.0,gpu_hist,0.7,0.01,2.0,500,1,3,0.05,0.01,0.8,1.0,"{'tree_method': 'gpu_hist', 'subsample': 0.7, 'reg_lambda': 0.01, 'reg_alpha': 2.0, 'n_estimators': 500, 'min_child_weight': 1, 'max_depth': 3, 'learning_rate': 0.05, 'gamma': 0.01, 'colsample_bytree': 0.8, 'colsample_bylevel': 1.0}",,,,,,,,,,,,,84
45,0.0007424831390380859,9.511471882364577e-05,0.0,0.0,gpu_hist,0.9,0.5,1.0,5000,2,7,0.05,0.3,0.9,0.7,"{'tree_method': 'gpu_hist', 'subsample': 0.9, 'reg_lambda': 0.5, 'reg_alpha': 1.0, 'n_estimators': 5000, 'min_child_weight': 2, 'max_depth': 7, 'learning_rate': 0.05, 'gamma': 0.3, 'colsample_bytree': 0.9, 'colsample_bylevel': 0.7}",,,,,,,,,,,,,84
46,0.0006919384002685546,0.0001331244376485116,0.0,0.0,gpu_hist,0.9,1.5,2.0,3000,2,9,0.0005,0.0,0.7,0.8,"{'tree_method': 'gpu_hist', 'subsample': 0.9, 'reg_lambda': 1.5, 'reg_alpha': 2.0, 'n_estimators': 3000, 'min_child_weight': 2, 'max_depth': 9, 'learning_rate': 0.0005, 'gamma': 0, 'colsample_bytree': 0.7, 'colsample_bylevel': 0.8}",,,,,,,,,,,,,84
47,0.13625588417053222,0.0518649683121336,0.0008175373077392578,0.00026167989545865673,hist,0.7,10.0,2.0,2000,7,3,0.005,0.1,0.9,0.7,"{'tree_method': 'hist', 'subsample': 0.7, 'reg_lambda': 10.0, 'reg_alpha': 2.0, 'n_estimators': 2000, 'min_child_weight': 7, 'max_depth': 3, 'learning_rate': 0.005, 'gamma': 0.1, 'colsample_bytree': 0.9, 'colsample_bylevel': 0.7}",-0.0038356255254389676,-0.004618056925334066,-0.004812379795913662,-0.04441514452830485,-0.3433267979904012,-0.12079733476310861,-0.03459338594177095,-0.022087594502101477,-0.013971889487380488,-0.0017132166801410642,-0.05941714261398954,0.10053652742404334,45
48,0.231589412689209,0.08289069421686551,0.0009490728378295898,0.0003222513186152122,approx,0.8,10.0,0.01,3000,1,5,0.005,0.05,0.8,0.9,"{'tree_method': 'approx', 'subsample': 0.8, 'reg_lambda': 10.0, 'reg_alpha': 0.01, 'n_estimators': 3000, 'min_child_weight': 1, 'max_depth': 5, 'learning_rate': 0.005, 'gamma': 0.05, 'colsample_bytree': 0.8, 'colsample_bylevel': 0.9}",-0.0023402915811877962,-0.0030487558515944714,-0.0036747819558641845,-0.034853613581827626,-0.2283494912816182,-0.02997220997110746,-0.008215849277794209,-0.004333367632233692,-0.014011357510716284,-0.003055353163587453,-0.03318550718075314,0.06600305032829072,11
49,0.14812135696411133,0.06042371998150713,0.0007115602493286133,0.00017208108488931184,hist,0.5,1.0,0.0,2000,2,9,0.1,0.1,1.0,0.8,"{'tree_method': 'hist', 'subsample': 0.5, 'reg_lambda': 1.0, 'reg_alpha': 0, 'n_estimators': 2000, 'min_child_weight': 2, 'max_depth': 9, 'learning_rate': 0.1, 'gamma': 0.1, 'colsample_bytree': 1.0, 'colsample_bylevel': 0.8}",-0.0017118304159917264,-0.003141234377900646,-0.004152182119906674,-0.03911446836691249,-0.19533789524748435,-0.03197840106197879,-0.008115359830862725,-0.004405819121861559,-0.011818377816145214,-0.003734110900637593,-0.030350967925968177,0.05636183711367285,7
50,0.001043844223022461,0.0003128631177597503,0.0,0.0,gpu_hist,0.6,5.0,0.1,500,1,6,0.01,0.3,0.9,0.5,"{'tree_method': 'gpu_hist', 'subsample': 0.6, 'reg_lambda': 5.0, 'reg_alpha': 0.1, 'n_estimators': 500, 'min_child_weight': 1, 'max_depth': 6, 'learning_rate': 0.01, 'gamma': 0.3, 'colsample_bytree': 0.9, 'colsample_bylevel': 0.5}",,,,,,,,,,,,,84
51,0.15108661651611327,0.05427187333875438,0.0007787227630615234,0.00026018996071256004,approx,0.7,5.0,0.1,2000,10,7,0.001,0.3,0.7,0.9,"{'tree_method': 'approx', 'subsample': 0.7, 'reg_lambda': 5.0, 'reg_alpha': 0.1, 'n_estimators': 2000, 'min_child_weight': 10, 'max_depth': 7, 'learning_rate': 0.001, 'gamma': 0.3, 'colsample_bytree': 0.7, 'colsample_bylevel': 0.9}",-0.0036441722922296495,-0.004544597827371105,-0.004874275789827018,-0.04463572626785622,-0.3287387000056833,-0.08409875167138287,-0.028786930050080123,-0.020464558445128813,-0.0102383422014699,-0.001800002880392225,-0.05318260574314212,0.09500706632578182,33
52,0.0011837005615234375,0.0006492472877084322,0.0,0.0,gpu_hist,0.5,1.0,1.0,3000,5,2,0.005,0.05,0.5,0.9,"{'tree_method': 'gpu_hist', 'subsample': 0.5, 'reg_lambda': 1.0, 'reg_alpha': 1.0, 'n_estimators': 3000, 'min_child_weight': 5, 'max_depth': 2, 'learning_rate': 0.005, 'gamma': 0.05, 'colsample_bytree': 0.5, 'colsample_bylevel': 0.9}",,,,,,,,,,,,,84
53,0.0014684438705444337,0.0006027157873143394,0.0,0.0,gpu_hist,1.0,2.0,0.01,2000,3,2,0.1,0.3,0.7,1.0,"{'tree_method': 'gpu_hist', 'subsample': 1.0, 'reg_lambda': 2.0, 'reg_alpha': 0.01, 'n_estimators': 2000, 'min_child_weight': 3, 'max_depth': 2, 'learning_rate': 0.1, 'gamma': 0.3, 'colsample_bytree': 0.7, 'colsample_bylevel': 1.0}",,,,,,,,,,,,,84
54,0.000924062728881836,0.00023772275954267176,0.0,0.0,gpu_hist,0.6,1.5,0.5,3000,7,6,0.005,0.5,0.9,0.8,"{'tree_method': 'gpu_hist', 'subsample': 0.6, 'reg_lambda': 1.5, 'reg_alpha': 0.5, 'n_estimators': 3000, 'min_child_weight': 7, 'max_depth': 6, 'learning_rate': 0.005, 'gamma': 0.5, 'colsample_bytree': 0.9, 'colsample_bylevel': 0.8}",,,,,,,,,,,,,84
55,0.0008460283279418945,0.0003127122159753518,0.0,0.0,gpu_hist,0.6,5.0,0.0,5000,1,8,0.0001,0.01,0.8,0.8,"{'tree_method': 'gpu_hist', 'subsample': 0.6, 'reg_lambda': 5.0, 'reg_alpha': 0, 'n_estimators': 5000, 'min_child_weight': 1, 'max_depth': 8, 'learning_rate': 0.0001, 'gamma': 0.01, 'colsample_bytree': 0.8, 'colsample_bylevel': 0.8}",,,,,,,,,,,,,84
56,0.1976367712020874,0.06489565203370629,0.0008748769760131836,0.0002796121063128857,hist,0.6,1.0,0.5,3000,3,9,0.001,0.3,0.8,0.5,"{'tree_method': 'hist', 'subsample': 0.6, 'reg_lambda': 1.0, 'reg_alpha': 0.5, 'n_estimators': 3000, 'min_child_weight': 3, 'max_depth': 9, 'learning_rate': 0.001, 'gamma': 0.3, 'colsample_bytree': 0.8, 'colsample_bylevel': 0.5}",-0.0038261915863839475,-0.004607714435914699,-0.0048256305495619255,-0.044516824637099196,-0.3435262960301434,-0.0882571660121439,-0.02700976989518225,-0.019566008095455525,-0.012927669126753763,-0.0017110130741375459,-0.055077428344277625,0.09939201476185955,41
57,0.11021251678466797,0.03063685377106364,0.0007146835327148437,0.00020549317111067655,hist,0.7,0.1,2.0,2000,7,6,0.005,0.3,0.6,0.8,"{'tree_method': 'hist', 'subsample': 0.7, 'reg_lambda': 0.1, 'reg_alpha': 2.0, 'n_estimators': 2000, 'min_child_weight': 7, 'max_depth': 6, 'learning_rate': 0.005, 'gamma': 0.3, 'colsample_bytree': 0.6, 'colsample_bylevel': 0.8}",-0.0038356255254389676,-0.004618056925334066,-0.004812379795913662,-0.04441514452830485,-0.3433267979904012,-0.13720962522232943,-0.04231379233100516,-0.02952790662754266,-0.012310240531330098,-0.001750552115624545,-0.062412012159322475,0.10128970438096466,48
58,0.03730108737945557,0.015593822669741967,0.000821232795715332,0.00020363258821274986,approx,0.7,0.1,0.1,500,7,5,0.005,0.3,1.0,0.5,"{'tree_method': 'approx', 'subsample': 0.7, 'reg_lambda': 0.1, 'reg_alpha': 0.1, 'n_estimators': 500, 'min_child_weight': 7, 'max_depth': 5, 'learning_rate': 0.005, 'gamma': 0.3, 'colsample_bytree': 1.0, 'colsample_bylevel': 0.5}",-0.003618257426791444,-0.004557793763825313,-0.004856966797783972,-0.044517045257943685,-0.3156791886775644,-0.061880489957816226,-0.01862619997012885,-0.014404732810486133,-0.010807239540173614,-0.0017480332039089537,-0.048069594740642256,0.09115327324416328,28
59,0.3699997663497925,0.08910849588525521,0.0008801937103271485,0.0002657409418466781,approx,1.0,0.5,0.01,5000,2,2,0.05,0.05,1.0,1.0,"{'tree_method': 'approx', 'subsample': 1.0, 'reg_lambda': 0.5, 'reg_alpha': 0.01, 'n_estimators': 5000, 'min_child_weight': 2, 'max_depth': 2, 'learning_rate': 0.05, 'gamma': 0.05, 'colsample_bytree': 1.0, 'colsample_bylevel': 1.0}",-0.0012793774208652185,-0.002674375535027638,-0.004129487382211252,-0.035123660333230826,-0.16382490187035872,-0.02152522884536977,-0.009859714011125544,-0.0035989415981357584,-0.015026563934880968,-0.0018889125424948416,-0.025893116347370054,0.04711310267379491,6
60,0.0008840560913085938,0.00032822056293032827,0.0,0.0,gpu_hist,0.6,10.0,2.0,5000,7,6,0.0005,0.1,0.8,0.8,"{'tree_method': 'gpu_hist', 'subsample': 0.6, 'reg_lambda': 10.0, 'reg_alpha': 2.0, 'n_estimators': 5000, 'min_child_weight': 7, 'max_depth': 6, 'learning_rate': 0.0005, 'gamma': 0.1, 'colsample_bytree': 0.8, 'colsample_bylevel': 0.8}",,,,,,,,,,,,,84
61,0.0014118671417236329,0.0008101892488011715,0.0,0.0,gpu_hist,0.5,5.0,5.0,1000,5,7,0.0005,0.2,1.0,0.8,"{'tree_method': 'gpu_hist', 'subsample': 0.5, 'reg_lambda': 5.0, 'reg_alpha': 5.0, 'n_estimators': 1000, 'min_child_weight': 5, 'max_depth': 7, 'learning_rate': 0.0005, 'gamma': 0.2, 'colsample_bytree': 1.0, 'colsample_bylevel': 0.8}",,,,,,,,,,,,,84
62,0.1818155527114868,0.04055128361798657,0.0014359712600708007,0.001102151320742535,approx,0.7,0.5,5.0,3000,1,5,0.05,0.0,0.8,0.8,"{'tree_method': 'approx', 'subsample': 0.7, 'reg_lambda': 0.5, 'reg_alpha': 5.0, 'n_estimators': 3000, 'min_child_weight': 1, 'max_depth': 5, 'learning_rate': 0.05, 'gamma': 0, 'colsample_bytree': 0.8, 'colsample_bylevel': 0.8}",-0.0038356255254389676,-0.004618056925334066,-0.004812379795913662,-0.04441514452830485,-0.3433267979904012,-0.18575473556043032,-0.06205981310990687,-0.03053411615390638,-0.010062954039693853,-0.005377222136877229,-0.06947968457662074,0.10538011153104676,55
63,0.26387624740600585,0.0828578217515911,0.0011658668518066406,0.00037848089989343526,hist,0.8,10.0,0.5,3000,1,2,0.0001,0.01,0.5,1.0,"{'tree_method': 'hist', 'subsample': 0.8, 'reg_lambda': 10.0, 'reg_alpha': 0.5, 'n_estimators': 3000, 'min_child_weight': 1, 'max_depth': 2, 'learning_rate': 0.0001, 'gamma': 0.01, 'colsample_bytree': 0.5, 'colsample_bylevel': 1.0}",-0.0038166687799321866,-0.004296476299402913,-0.004457084623246908,-0.04211587120488272,-0.324457870584553,-0.28469352282463567,-0.1711682152882454,-0.14877131177043712,-0.035209334875116516,-0.008472015884599176,-0.10274583721350516,0.11632962365697386,74
64,0.03990910053253174,0.02028548087996405,0.000695180892944336,0.00030698350362439597,approx,0.6,2.0,0.1,500,2,6,0.0005,0.1,0.5,0.7,"{'tree_method': 'approx', 'subsample': 0.6, 'reg_lambda': 2.0, 'reg_alpha': 0.1, 'n_estimators': 500, 'min_child_weight': 2, 'max_depth': 6, 'learning_rate': 0.0005, 'gamma': 0.1, 'colsample_bytree': 0.5, 'colsample_bylevel': 0.7}",-0.003770820390173296,-0.004598820990149648,-0.0047613413718110694,-0.04340158360539483,-0.32123544543352833,-0.2665387723664139,-0.17026780708660233,-0.14847272822828078,-0.03868785403551443,-0.007216245265549319,-0.10089514187734179,0.11267771275112379,72
65,0.03810994625091553,0.015193030641990147,0.0008186578750610351,0.00026741895635219465,hist,0.7,5.0,5.0,500,2,7,0.01,0.1,1.0,0.7,"{'tree_method': 'hist', 'subsample': 0.7, 'reg_lambda': 5.0, 'reg_alpha': 5.0, 'n_estimators': 500, 'min_child_weight': 2, 'max_depth': 7, 'learning_rate': 0.01, 'gamma': 0.1, 'colsample_bytree': 1.0, 'colsample_bylevel': 0.7}",-0.0038356255254389676,-0.004618056925334066,-0.004812379795913662,-0.04441514452830485,-0.3433267979904012,-0.28608017953680814,-0.08322261790144639,-0.054045348642800285,-0.011819170577123256,-0.0016904635976995736,-0.08378657850212703,0.1189683188111561,62
66,0.0014969110488891602,0.0013477974615491598,0.0,0.0,gpu_hist,1.0,5.0,0.0,500,5,4,0.0001,0.1,0.5,0.7,"{'tree_method': 'gpu_hist', 'subsample': 1.0, 'reg_lambda': 5.0, 'reg_alpha': 0, 'n_estimators': 500, 'min_child_weight': 5, 'max_depth': 4, 'learning_rate': 0.0001, 'gamma': 0.1, 'colsample_bytree': 0.5, 'colsample_bylevel': 0.7}",,,,,,,,,,,,,84
67,0.1216303825378418,0.028372735506868068,0.0007464408874511719,0.0002258037377796134,hist,0.9,0.5,0.1,2000,1,3,0.05,0.3,1.0,0.5,"{'tree_method': 'hist', 'subsample': 0.9, 'reg_lambda': 0.5, 'reg_alpha': 0.1, 'n_estimators': 2000, 'min_child_weight': 1, 'max_depth': 3, 'learning_rate': 0.05, 'gamma': 0.3, 'colsample_bytree': 1.0, 'colsample_bylevel': 0.5}",-0.003763196636101712,-0.00453355806888655,-0.0049077024859123936,-0.04483560392194483,-0.3089848467802033,-0.05643845406830153,-0.017122220532084537,-0.01171131746275302,-0.016868616727416137,-0.0018297617139327212,-0.04709952783975367,0.08902838579994518,26
68,0.04804439544677734,0.023077782136158177,0.000684809684753418,0.00023652514702284923,approx,0.5,0.1,0.5,500,1,9,0.0005,0.01,0.8,0.5,"{'tree_method': 'approx', 'subsample': 0.5, 'reg_lambda': 0.1, 'reg_alpha': 0.5, 'n_estimators': 500, 'min_child_weight': 1, 'max_depth': 9, 'learning_rate': 0.0005, 'gamma': 0.01, 'colsample_bytree': 0.8, 'colsample_bylevel': 0.5}",-0.003825584299669521,-0.004558207665853221,-0.00455057152343934,-0.0425685019632826,-0.3250141934321089,-0.262596450154092,-0.16932743707430642,-0.1474849003921326,-0.03831570959555222,-0.008377149143142835,-0.10066187052435797,0.11273555083627491,71
69,0.001387166976928711,0.0010150542852003796,0.0,0.0,gpu_hist,0.6,5.0,0.0,1000,2,3,0.0005,0.3,0.7,0.8,"{'tree_method': 'gpu_hist', 'subsample': 0.6, 'reg_lambda': 5.0, 'reg_alpha': 0, 'n_estimators': 1000, 'min_child_weight': 2, 'max_depth': 3, 'learning_rate': 0.0005, 'gamma': 0.3, 'colsample_bytree': 0.7, 'colsample_bylevel': 0.8}",,,,,,,,,,,,,84
70,0.1261082649230957,0.045551687584839705,0.0007986068725585937,0.0003720824418181737,hist,1.0,1.5,5.0,2000,2,3,0.0005,0.2,0.6,0.7,"{'tree_method': 'hist', 'subsample': 1.0, 'reg_lambda': 1.5, 'reg_alpha': 5.0, 'n_estimators': 2000, 'min_child_weight': 2, 'max_depth': 3, 'learning_rate': 0.0005, 'gamma': 0.2, 'colsample_bytree': 0.6, 'colsample_bylevel': 0.7}",-0.0038356255254389676,-0.004618056925334066,-0.004812379795913662,-0.04441514452830485,-0.3433267979904012,-0.2621314736889604,-0.09998288111564271,-0.0791826560457082,-0.014551412087204788,-0.00139339558108587,-0.08582498232839947,0.11464684078303647,67
71,0.0011351346969604493,0.0003785899426991186,0.0,0.0,gpu_hist,1.0,0.1,0.1,5000,3,3,0.01,0.5,0.6,0.5,"{'tree_method': 'gpu_hist', 'subsample': 1.0, 'reg_lambda': 0.1, 'reg_alpha': 0.1, 'n_estimators': 5000, 'min_child_weight': 3, 'max_depth': 3, 'learning_rate': 0.01, 'gamma': 0.5, 'colsample_bytree': 0.6, 'colsample_bylevel': 0.5}",,,,,,,,,,,,,84
72,0.0013964176177978516,0.00047798102984660765,0.0,0.0,gpu_hist,0.8,1.0,0.5,3000,7,6,0.005,0.05,0.9,0.8,"{'tree_method': 'gpu_hist', 'subsample': 0.8, 'reg_lambda': 1.0, 'reg_alpha': 0.5, 'n_estimators': 3000, 'min_child_weight': 7, 'max_depth': 6, 'learning_rate': 0.005, 'gamma': 0.05, 'colsample_bytree': 0.9, 'colsample_bylevel': 0.8}",,,,,,,,,,,,,84
73,0.38258991241455076,0.15664211231075045,0.0014720439910888671,0.0008540674041441152,hist,0.8,0.5,0.01,3000,5,5,0.0005,0.01,0.5,0.8,"{'tree_method': 'hist', 'subsample': 0.8, 'reg_lambda': 0.5, 'reg_alpha': 0.01, 'n_estimators': 3000, 'min_child_weight': 5, 'max_depth': 5, 'learning_rate': 0.0005, 'gamma': 0.01, 'colsample_bytree': 0.5, 'colsample_bylevel': 0.8}",-0.0010868603542840943,-0.001876704238658078,-0.0035012593770728222,-0.027425337394998247,-0.1790075793134034,-0.046994916677776784,-0.02371521907132487,-0.015486919116189907,-0.009240078674477861,-0.0012077760278496072,-0.03095426502460356,0.05131157345268424,8
74,0.0007232666015625,9.66513279736257e-05,0.0,0.0,gpu_hist,0.6,0.01,0.5,2000,2,4,0.1,0.01,0.6,0.6,"{'tree_method': 'gpu_hist', 'subsample': 0.6, 'reg_lambda': 0.01, 'reg_alpha': 0.5, 'n_estimators': 2000, 'min_child_weight': 2, 'max_depth': 4, 'learning_rate': 0.1, 'gamma': 0.01, 'colsample_bytree': 0.6, 'colsample_bylevel': 0.6}",,,,,,,,,,,,,84
75,1.052813673019409,0.489939131571822,0.0015100002288818359,0.0006308505612418207,hist,1.0,1.0,0.5,5000,1,6,0.001,0.0,0.5,1.0,"{'tree_method': 'hist', 'subsample': 1.0, 'reg_lambda': 1.0, 'reg_alpha': 0.5, 'n_estimators': 5000, 'min_child_weight': 1, 'max_depth': 6, 'learning_rate': 0.001, 'gamma': 0, 'colsample_bytree': 0.5, 'colsample_bylevel': 1.0}",-0.0024134291716609454,-0.003316384480346505,-0.0038715475675996955,-0.03593768406995778,-0.21778797676621398,-0.020273882316364837,-0.00773518818566748,-0.006729802189546763,-0.010860133329736232,-0.0057399333831887325,-0.0314665961460283,0.0628653387536852,9
76,0.0009373188018798828,0.00047067906300545523,0.0,0.0,gpu_hist,0.6,0.5,5.0,1000,2,4,0.005,0.5,0.9,0.7,"{'tree_method': 'gpu_hist', 'subsample': 0.6, 'reg_lambda': 0.5, 'reg_alpha': 5.0, 'n_estimators': 1000, 'min_child_weight': 2, 'max_depth': 4, 'learning_rate': 0.005, 'gamma': 0.5, 'colsample_bytree': 0.9, 'colsample_bylevel': 0.7}",,,,,,,,,,,,,84
77,0.0015939712524414063,0.00020561531764278512,0.0,0.0,gpu_hist,0.6,10.0,5.0,2000,3,9,0.01,0.1,0.5,0.9,"{'tree_method': 'gpu_hist', 'subsample': 0.6, 'reg_lambda': 10.0, 'reg_alpha': 5.0, 'n_estimators': 2000, 'min_child_weight': 3, 'max_depth': 9, 'learning_rate': 0.01, 'gamma': 0.1, 'colsample_bytree': 0.5, 'colsample_bylevel': 0.9}",,,,,,,,,,,,,84
78,0.12219619750976562,0.028459656923239256,0.0007297039031982422,0.00018350058136102756,hist,0.8,5.0,1.0,2000,1,7,0.05,0.2,0.8,0.8,"{'tree_method': 'hist', 'subsample': 0.8, 'reg_lambda': 5.0, 'reg_alpha': 1.0, 'n_estimators': 2000, 'min_child_weight': 1, 'max_depth': 7, 'learning_rate': 0.05, 'gamma': 0.2, 'colsample_bytree': 0.8, 'colsample_bylevel': 0.8}",-0.0038356255254389676,-0.004618056925334066,-0.004812379795913662,-0.04441514452830485,-0.3411091452474968,-0.08399733938485843,-0.02463971061433551,-0.01572622757999556,-0.014601513195640748,-0.0023781963629228757,-0.054013333916024156,0.09866194388024198,37
79,0.0011948823928833007,0.0005288792759013898,0.0,0.0,gpu_hist,0.7,0.5,0.01,2000,3,9,0.001,0.05,1.0,0.6,"{'tree_method': 'gpu_hist', 'subsample': 0.7, 'reg_lambda': 0.5, 'reg_alpha': 0.01, 'n_estimators': 2000, 'min_child_weight': 3, 'max_depth': 9, 'learning_rate': 0.001, 'gamma': 0.05, 'colsample_bytree': 1.0, 'colsample_bylevel': 0.6}",,,,,,,,,,,,,84
80,0.0010349273681640625,0.0003593636161423914,0.0,0.0,gpu_hist,0.7,1.0,2.0,3000,7,3,0.1,0.01,0.9,1.0,"{'tree_method': 'gpu_hist', 'subsample': 0.7, 'reg_lambda': 1.0, 'reg_alpha': 2.0, 'n_estimators': 3000, 'min_child_weight': 7, 'max_depth': 3, 'learning_rate': 0.1, 'gamma': 0.01, 'colsample_bytree': 0.9, 'colsample_bylevel': 1.0}",,,,,,,,,,,,,84
81,0.7129553079605102,0.360545052378209,0.001244330406188965,0.00047477626628513717,hist,0.8,1.5,0.1,5000,1,5,0.0001,0.1,0.8,1.0,"{'tree_method': 'hist', 'subsample': 0.8, 'reg_lambda': 1.5, 'reg_alpha': 0.1, 'n_estimators': 5000, 'min_child_weight': 1, 'max_depth': 5, 'learning_rate': 0.0001, 'gamma': 0.1, 'colsample_bytree': 0.8, 'colsample_bylevel': 1.0}",-0.003799513787677628,-0.004363604747759151,-0.0044491228742799035,-0.04067771163893497,-0.30225375354955347,-0.18752892755456835,-0.10883329300812286,-0.09917992432534732,-0.019963281762068824,-0.004449229879367486,-0.077549836312768,0.09496961549597989,58
82,0.11301603317260742,0.025978385467894365,0.000853729248046875,0.00021214615389938057,hist,1.0,2.0,5.0,2000,5,3,0.05,0.0,0.8,0.6,"{'tree_method': 'hist', 'subsample': 1.0, 'reg_lambda': 2.0, 'reg_alpha': 5.0, 'n_estimators': 2000, 'min_child_weight': 5, 'max_depth': 3, 'learning_rate': 0.05, 'gamma': 0, 'colsample_bytree': 0.8, 'colsample_bylevel': 0.6}",-0.0038356255254389676,-0.004618056925334066,-0.004812379795913662,-0.04441514452830485,-0.3433267979904012,-0.17167265440872576,-0.040658864116805894,-0.025953520867646483,-0.01543363453338444,-0.0015689238128839714,-0.06562956025048394,0.10434159684066795,51
83,0.0009718656539916993,0.0003929413057001583,0.0,0.0,gpu_hist,1.0,2.0,0.1,3000,2,3,0.01,0.0,0.8,0.9,"{'tree_method': 'gpu_hist', 'subsample': 1.0, 'reg_lambda': 2.0, 'reg_alpha': 0.1, 'n_estimators': 3000, 'min_child_weight': 2, 'max_depth': 3, 'learning_rate': 0.01, 'gamma': 0, 'colsample_bytree': 0.8, 'colsample_bylevel': 0.9}",,,,,,,,,,,,,84
84,0.0012952327728271485,0.0005837615027184277,0.0,0.0,gpu_hist,0.6,5.0,0.01,2000,7,2,0.01,0.05,1.0,0.8,"{'tree_method': 'gpu_hist', 'subsample': 0.6, 'reg_lambda': 5.0, 'reg_alpha': 0.01, 'n_estimators': 2000, 'min_child_weight': 7, 'max_depth': 2, 'learning_rate': 0.01, 'gamma': 0.05, 'colsample_bytree': 1.0, 'colsample_bylevel': 0.8}",,,,,,,,,,,,,84
85,0.13099591732025145,0.05846915787630877,0.0009591102600097657,0.0006661362262098488,hist,0.8,0.01,2.0,2000,10,7,0.0001,0.05,0.6,0.6,"{'tree_method': 'hist', 'subsample': 0.8, 'reg_lambda': 0.01, 'reg_alpha': 2.0, 'n_estimators': 2000, 'min_child_weight': 10, 'max_depth': 7, 'learning_rate': 0.0001, 'gamma': 0.05, 'colsample_bytree': 0.6, 'colsample_bylevel': 0.6}",-0.0038356255254389676,-0.004618056925334066,-0.004812379795913662,-0.04441514452830485,-0.343039795294482,-0.29651968365825454,-0.1853889440224367,-0.16398121722784506,-0.04176245856445669,-0.006377934606346101,-0.10947512401488127,0.1228119619059614,78
86,0.056011104583740236,0.020835625571974745,0.0007401704788208008,0.00021861515313053133,approx,0.5,5.0,5.0,1000,1,2,0.001,0.01,0.6,0.6,"{'tree_method': 'approx', 'subsample': 0.5, 'reg_lambda': 5.0, 'reg_alpha': 5.0, 'n_estimators': 1000, 'min_child_weight': 1, 'max_depth': 2, 'learning_rate': 0.001, 'gamma': 0.01, 'colsample_bytree': 0.6, 'colsample_bylevel': 0.6}",-0.0038356255254389676,-0.004618056925334066,-0.004812379795913662,-0.04441514452830485,-0.3433267979904012,-0.3539927948133589,-0.17968931023575369,-0.1264940177354842,-0.026162697448457305,-0.002408844666169265,-0.10897556696646157,0.13245324593360314,77
87,0.0011922597885131836,0.0004053140534998919,0.0,0.0,gpu_hist,0.8,1.5,0.01,2000,1,3,0.0001,0.3,0.5,0.8,"{'tree_method': 'gpu_hist', 'subsample': 0.8, 'reg_lambda': 1.5, 'reg_alpha': 0.01, 'n_estimators': 2000, 'min_child_weight': 1, 'max_depth': 3, 'learning_rate': 0.0001, 'gamma': 0.3, 'colsample_bytree': 0.5, 'colsample_bylevel': 0.8}",,,,,,,,,,,,,84
88,0.0013811111450195313,0.0005053499505755992,0.0,0.0,gpu_hist,0.6,1.5,0.0,500,7,2,0.001,0.1,1.0,1.0,"{'tree_method': 'gpu_hist', 'subsample': 0.6, 'reg_lambda': 1.5, 'reg_alpha': 0, 'n_estimators': 500, 'min_child_weight': 7, 'max_depth': 2, 'learning_rate': 0.001, 'gamma': 0.1, 'colsample_bytree': 1.0, 'colsample_bylevel': 1.0}",,,,,,,,,,,,,84
89,0.03106999397277832,0.008464353894183435,0.0007231473922729492,0.00018860044246304207,approx,0.7,1.5,0.5,500,5,3,0.1,0.5,0.9,0.7,"{'tree_method': 'approx', 'subsample': 0.7, 'reg_lambda': 1.5, 'reg_alpha': 0.5, 'n_estimators': 500, 'min_child_weight': 5, 'max_depth': 3, 'learning_rate': 0.1, 'gamma': 0.5, 'colsample_bytree': 0.9, 'colsample_bylevel': 0.7}",-0.003761996567047823,-0.004592158342658874,-0.004829104665419869,-0.044372498156350776,-0.34426891951944427,-0.09385563690853815,-0.025194894169372848,-0.02157167537637787,-0.012045256163344183,-0.0019480828969613757,-0.055644022276551595,0.09982178111521677,42
90,0.0012259721755981446,0.0004914537091677383,0.0,0.0,gpu_hist,0.7,1.0,0.0,1000,1,9,0.0001,0.3,0.8,0.9,"{'tree_method': 'gpu_hist', 'subsample': 0.7, 'reg_lambda': 1.0, 'reg_alpha': 0, 'n_estimators': 1000, 'min_child_weight': 1, 'max_depth': 9, 'learning_rate': 0.0001, 'gamma': 0.3, 'colsample_bytree': 0.8, 'colsample_bylevel': 0.9}",,,,,,,,,,,,,84
91,0.042046117782592776,0.021197377827831782,0.0010627508163452148,0.000739775110625809,hist,1.0,1.5,5.0,500,5,2,0.005,0.0,0.7,1.0,"{'tree_method': 'hist', 'subsample': 1.0, 'reg_lambda': 1.5, 'reg_alpha': 5.0, 'n_estimators': 500, 'min_child_weight': 5, 'max_depth': 2, 'learning_rate': 0.005, 'gamma': 0, 'colsample_bytree': 0.7, 'colsample_bylevel': 1.0}",-0.0038356255254389676,-0.004618056925334066,-0.004812379795913662,-0.04441514452830485,-0.3433267979904012,-0.18968744285929473,-0.051217180756868326,-0.035798632739112504,-0.013330869246416428,-0.0019584622506788477,-0.06930005926177638,0.10580539965219833,54
92,0.18359692096710206,0.04260430581284459,0.0006922006607055664,0.00016633386441698564,approx,0.7,1.0,0.1,3000,1,7,0.01,0.1,0.6,0.9,"{'tree_method': 'approx', 'subsample': 0.7, 'reg_lambda': 1.0, 'reg_alpha': 0.1, 'n_estimators': 3000, 'min_child_weight': 1, 'max_depth': 7, 'learning_rate': 0.01, 'gamma': 0.1, 'colsample_bytree': 0.6, 'colsample_bylevel': 0.9}",-0.00344765886638584,-0.003971068579562262,-0.004151430111996278,-0.03859015415598685,-0.2352949616514231,-0.03461272064208075,-0.010468510474352608,-0.0055150551927477835,-0.012195984605908115,-0.0018030140295560628,-0.035005055830999963,0.06792224129398729,15
93,0.3797909736633301,0.17568458925005817,0.0010676145553588866,0.0005714301933916572,hist,0.5,1.0,0.5,5000,5,3,0.0001,0.3,0.6,0.9,"{'tree_method': 'hist', 'subsample': 0.5, 'reg_lambda': 1.0, 'reg_alpha': 0.5, 'n_estimators': 5000, 'min_child_weight': 5, 'max_depth': 3, 'learning_rate': 0.0001, 'gamma': 0.3, 'colsample_bytree': 0.6, 'colsample_bylevel': 0.9}",-0.0038317855882715815,-0.004614585147430204,-0.0048175446467165085,-0.044444615041649704,-0.343722885584128,-0.20877740230492886,-0.11637519329334753,-0.10403540136425463,-0.021227999488238426,-0.0016948218475033425,-0.08535422343064687,0.10757999417500434,65
94,0.10468764305114746,0.018561722785526234,0.0007572650909423828,0.00023973468399169007,hist,0.8,0.1,0.1,2000,1,9,0.05,0.1,0.6,0.6,"{'tree_method': 'hist', 'subsample': 0.8, 'reg_lambda': 0.1, 'reg_alpha': 0.1, 'n_estimators': 2000, 'min_child_weight': 1, 'max_depth': 9, 'learning_rate': 0.05, 'gamma': 0.1, 'colsample_bytree': 0.6, 'colsample_bylevel': 0.6}",-0.002866300798293268,-0.0036365466670677756,-0.004110643061576983,-0.038222263510684085,-0.21831676649953846,-0.030935920490699164,-0.009982173401464964,-0.0050674435886770685,-0.016139753497952804,-0.0015962595634947535,-0.03308740710794493,0.0628960396561262,10
95,0.0011554241180419921,0.0004680231499912369,0.0,0.0,gpu_hist,0.5,1.0,0.0,3000,5,9,0.01,0.05,0.9,0.7,"{'tree_method': 'gpu_hist', 'subsample': 0.5, 'reg_lambda': 1.0, 'reg_alpha': 0, 'n_estimators': 3000, 'min_child_weight': 5, 'max_depth': 9, 'learning_rate': 0.01, 'gamma': 0.05, 'colsample_bytree': 0.9, 'colsample_bylevel': 0.7}",,,,,,,,,,,,,84
96,0.0015058040618896485,0.0001376576021274535,0.0,0.0,gpu_hist,1.0,5.0,1.0,3000,10,8,0.005,0.01,0.6,1.0,"{'tree_method': 'gpu_hist', 'subsample': 1.0, 'reg_lambda': 5.0, 'reg_alpha': 1.0, 'n_estimators': 3000, 'min_child_weight': 10, 'max_depth': 8, 'learning_rate': 0.005, 'gamma': 0.01, 'colsample_bytree': 0.6, 'colsample_bylevel': 1.0}",,,,,,,,,,,,,84
97,0.0009807348251342773,0.0008717191423097965,0.0,0.0,gpu_hist,1.0,1.0,0.5,3000,1,5,0.0001,0.05,0.8,0.9,"{'tree_method': 'gpu_hist', 'subsample': 1.0, 'reg_lambda': 1.0, 'reg_alpha': 0.5, 'n_estimators': 3000, 'min_child_weight': 1, 'max_depth': 5, 'learning_rate': 0.0001, 'gamma': 0.05, 'colsample_bytree': 0.8, 'colsample_bylevel': 0.9}",,,,,,,,,,,,,84
98,0.14754977226257324,0.04717872922128486,0.0007602930068969727,0.00018755304625926765,hist,0.7,10.0,0.1,2000,5,4,0.05,0.01,0.9,1.0,"{'tree_method': 'hist', 'subsample': 0.7, 'reg_lambda': 10.0, 'reg_alpha': 0.1, 'n_estimators': 2000, 'min_child_weight': 5, 'max_depth': 4, 'learning_rate': 0.05, 'gamma': 0.01, 'colsample_bytree': 0.9, 'colsample_bylevel': 1.0}",-0.0009109195940690323,-0.001966306280895623,-0.003546732037989362,-0.02800281847767463,-0.16319881131505432,-0.015631225316126,-0.006834496487034077,-0.0019348616780695263,-0.013295568335086544,-0.0046708307706200426,-0.023999257029261915,0.047083988738306506,4
99,0.0012833595275878907,0.00024118567229114332,0.0,0.0,gpu_hist,1.0,10.0,0.01,2000,5,8,0.01,0.5,0.9,0.5,"{'tree_method': 'gpu_hist', 'subsample': 1.0, 'reg_lambda': 10.0, 'reg_alpha': 0.01, 'n_estimators': 2000, 'min_child_weight': 5, 'max_depth': 8, 'learning_rate': 0.01, 'gamma': 0.5, 'colsample_bytree': 0.9, 'colsample_bylevel': 0.5}",,,,,,,,,,,,,84
100,0.03400299549102783,0.013632704170076584,0.0007800102233886719,0.00023753249975810183,approx,0.7,2.0,1.0,500,2,2,0.0005,0.3,0.6,0.6,"{'tree_method': 'approx', 'subsample': 0.7, 'reg_lambda': 2.0, 'reg_alpha': 1.0, 'n_estimators': 500, 'min_child_weight': 2, 'max_depth': 2, 'learning_rate': 0.0005, 'gamma': 0.3, 'colsample_bytree': 0.6, 'colsample_bylevel': 0.6}",-0.0038356255254389676,-0.004618056925334066,-0.004812379795913662,-0.04441514452830485,-0.3433304051537322,-0.2799303453562443,-0.17625592300792137,-0.15269764749092346,-0.03928608975153329,-0.003994901234964653,-0.10531765187703108,0.11970491550039358,76
101,0.18819024562835693,0.04828762913300812,0.0008077383041381836,0.00022919217691691718,hist,0.5,10.0,0.1,3000,3,7,0.01,0.05,0.7,0.7,"{'tree_method': 'hist', 'subsample': 0.5, 'reg_lambda': 10.0, 'reg_alpha': 0.1, 'n_estimators': 3000, 'min_child_weight': 3, 'max_depth': 7, 'learning_rate': 0.01, 'gamma': 0.05, 'colsample_bytree': 0.7, 'colsample_bylevel': 0.7}",-0.0030803555617068927,-0.00399609170340656,-0.004091615656944631,-0.03783917368106596,-0.2487205568606216,-0.039470581789710316,-0.009172550711138795,-0.005551009222301883,-0.01314480064968708,-0.002561045138862167,-0.03676277809754459,0.07188401737972029,16
102,0.08622503280639648,0.031167652299388234,0.0006967544555664063,0.00022001256144917627,approx,0.8,2.0,0.0,1000,1,9,0.01,0.1,0.9,0.9,"{'tree_method': 'approx', 'subsample': 0.8, 'reg_lambda': 2.0, 'reg_alpha': 0, 'n_estimators': 1000, 'min_child_weight': 1, 'max_depth': 9, 'learning_rate': 0.01, 'gamma': 0.1, 'colsample_bytree': 0.9, 'colsample_bylevel': 0.9}",-0.002807625690292168,-0.003655568097517182,-0.004145199211092538,-0.03792211571911547,-0.22982449803044486,-0.03199544756345411,-0.009673087775115979,-0.005277658081250219,-0.015978250892382227,-0.0020857535176706118,-0.03433652045783354,0.06626510004271446,14
103,0.10317862033843994,0.0470727140334549,0.0006815433502197265,0.00018246936327322023,approx,0.5,1.0,0.1,1000,2,3,0.0001,0.1,0.6,1.0,"{'tree_method': 'approx', 'subsample': 0.5, 'reg_lambda': 1.0, 'reg_alpha': 0.1, 'n_estimators': 1000, 'min_child_weight': 2, 'max_depth': 3, 'learning_rate': 0.0001, 'gamma': 0.1, 'colsample_bytree': 0.6, 'colsample_bylevel': 1.0}",-0.003793047802576239,-0.004603586153565418,-0.004806654531186924,-0.04416540408883248,-0.3336560097220238,-0.31722641669256957,-0.2115668754238942,-0.18725044319651457,-0.05400665055485421,-0.010279335755772383,-0.11713544239217899,0.12633555912409972,81
104,0.11513898372650147,0.02566964399931927,0.00069427490234375,0.0002007569947766032,hist,0.5,1.5,0.0,2000,10,4,0.1,0.2,0.7,1.0,"{'tree_method': 'hist', 'subsample': 0.5, 'reg_lambda': 1.5, 'reg_alpha': 0, 'n_estimators': 2000, 'min_child_weight': 10, 'max_depth': 4, 'learning_rate': 0.1, 'gamma': 0.2, 'colsample_bytree': 0.7, 'colsample_bylevel': 1.0}",-0.0030642082218931793,-0.004066947570506239,-0.005481276884209864,-0.04651439450273475,-0.29253355510595563,-0.04799957597315742,-0.018151915978441287,-0.008500120418939097,-0.014940294083459153,-0.0030886613528234284,-0.044434095009212006,0.08425557026543622,23
105,0.0011739015579223632,0.0005520797785826913,0.0,0.0,gpu_hist,1.0,2.0,0.01,3000,5,3,0.005,0.01,1.0,0.6,"{'tree_method': 'gpu_hist', 'subsample': 1.0, 'reg_lambda': 2.0, 'reg_alpha': 0.01, 'n_estimators': 3000, 'min_child_weight': 5, 'max_depth': 3, 'learning_rate': 0.005, 'gamma': 0.01, 'colsample_bytree': 1.0, 'colsample_bylevel': 0.6}",,,,,,,,,,,,,84
106,0.001009368896484375,0.0004997863782306014,0.0,0.0,gpu_hist,0.6,1.0,5.0,2000,1,2,0.001,0.1,0.8,0.7,"{'tree_method': 'gpu_hist', 'subsample': 0.6, 'reg_lambda': 1.0, 'reg_alpha': 5.0, 'n_estimators': 2000, 'min_child_weight': 1, 'max_depth': 2, 'learning_rate': 0.001, 'gamma': 0.1, 'colsample_bytree': 0.8, 'colsample_bylevel': 0.7}",,,,,,,,,,,,,84
107,0.29501054286956785,0.061055401290546776,0.0008916616439819336,0.000227318642311554,approx,1.0,5.0,0.1,5000,5,6,0.1,0.05,0.8,0.6,"{'tree_method': 'approx', 'subsample': 1.0, 'reg_lambda': 5.0, 'reg_alpha': 0.1, 'n_estimators': 5000, 'min_child_weight': 5, 'max_depth': 6, 'learning_rate': 0.1, 'gamma': 0.05, 'colsample_bytree': 0.8, 'colsample_bylevel': 0.6}",-0.0025843324423640984,-0.0032158297586258673,-0.0036921772889807122,-0.03635316369636242,-0.23516297754055715,-0.029013007304426276,-0.008188359578772106,-0.005102732558061309,-0.014652528535818964,-0.001834411609625101,-0.03397995203135941,0.06801497113704175,13
108,0.07305328845977783,0.03616532877160933,0.000697636604309082,0.00022968445682385285,hist,0.5,1.5,0.01,1000,7,7,0.001,0.3,1.0,0.5,"{'tree_method': 'hist', 'subsample': 0.5, 'reg_lambda': 1.5, 'reg_alpha': 0.01, 'n_estimators': 1000, 'min_child_weight': 7, 'max_depth': 7, 'learning_rate': 0.001, 'gamma': 0.3, 'colsample_bytree': 1.0, 'colsample_bylevel': 0.5}",-0.003404844999189959,-0.004478203137916642,-0.004914637713749067,-0.044790702195216414,-0.33177489791894266,-0.1181232423033853,-0.05492999067338429,-0.04979617232234197,-0.011900559703701382,-0.0017339699843508607,-0.06258472209521786,0.09620956783519295,49
109,0.044301319122314456,0.01778926932029635,0.0007160186767578125,0.0002535714424879137,hist,0.9,0.01,5.0,500,2,6,0.001,0.3,0.9,0.7,"{'tree_method': 'hist', 'subsample': 0.9, 'reg_lambda': 0.01, 'reg_alpha': 5.0, 'n_estimators': 500, 'min_child_weight': 2, 'max_depth': 6, 'learning_rate': 0.001, 'gamma': 0.3, 'colsample_bytree': 0.9, 'colsample_bylevel': 0.7}",-0.0038356255254389676,-0.004618056925334066,-0.004812379795913662,-0.04441514452830485,-0.3433267979904012,-0.30728323964238125,-0.15017863888586627,-0.12556183100537527,-0.026463660467185922,-0.001576442786979001,-0.10120718175531807,0.12285009288187101,73
110,0.03597254753112793,0.014725316965458004,0.0010914087295532226,0.0006226210791632512,approx,0.6,2.0,0.0,500,5,7,0.001,0.5,0.5,0.8,"{'tree_method': 'approx', 'subsample': 0.6, 'reg_lambda': 2.0, 'reg_alpha': 0, 'n_estimators': 500, 'min_child_weight': 5, 'max_depth': 7, 'learning_rate': 0.001, 'gamma': 0.5, 'colsample_bytree': 0.5, 'colsample_bylevel': 0.8}",-0.0036587608742644387,-0.004563996545328449,-0.004843558964355783,-0.0445206469937116,-0.3438672193996848,-0.19643340142367707,-0.11776892626145002,-0.1009736004691291,-0.02388210319107163,-0.0013824927477344299,-0.08418947068704072,0.1061269498375351,64
111,0.0010657548904418946,0.0003680060153995357,0.0,0.0,gpu_hist,0.7,0.5,1.0,2000,1,9,0.0001,0.2,0.7,0.7,"{'tree_method': 'gpu_hist', 'subsample': 0.7, 'reg_lambda': 0.5, 'reg_alpha': 1.0, 'n_estimators': 2000, 'min_child_weight': 1, 'max_depth': 9, 'learning_rate': 0.0001, 'gamma': 0.2, 'colsample_bytree': 0.7, 'colsample_bylevel': 0.7}",,,,,,,,,,,,,84
112,0.0016435623168945313,0.0008255447044337191,0.0,0.0,gpu_hist,0.7,1.5,0.1,1000,3,6,0.0001,0.0,0.8,0.9,"{'tree_method': 'gpu_hist', 'subsample': 0.7, 'reg_lambda': 1.5, 'reg_alpha': 0.1, 'n_estimators': 1000, 'min_child_weight': 3, 'max_depth': 6, 'learning_rate': 0.0001, 'gamma': 0, 'colsample_bytree': 0.8, 'colsample_bylevel': 0.9}",,,,,,,,,,,,,84
113,0.26380913257598876,0.06325493901383351,0.0009691953659057617,0.0005405175870433633,approx,0.8,10.0,2.0,5000,7,6,0.01,0.2,1.0,0.5,"{'tree_method': 'approx', 'subsample': 0.8, 'reg_lambda': 10.0, 'reg_alpha': 2.0, 'n_estimators': 5000, 'min_child_weight': 7, 'max_depth': 6, 'learning_rate': 0.01, 'gamma': 0.2, 'colsample_bytree': 1.0, 'colsample_bylevel': 0.5}",-0.0038356255254389676,-0.004618056925334066,-0.004812379795913662,-0.04441514452830485,-0.3433267979904012,-0.13347274525288305,-0.042173210331259384,-0.025026928201118605,-0.012671544778910507,-0.001894416203858878,-0.06162468495334232,0.10115000355317302,47
114,0.11209421157836914,0.025397382805062686,0.001128077507019043,0.0006751812212727089,approx,0.6,0.5,5.0,2000,3,4,0.05,0.1,1.0,0.7,"{'tree_method': 'approx', 'subsample': 0.6, 'reg_lambda': 0.5, 'reg_alpha': 5.0, 'n_estimators': 2000, 'min_child_weight': 3, 'max_depth': 4, 'learning_rate': 0.05, 'gamma': 0.1, 'colsample_bytree': 1.0, 'colsample_bylevel': 0.7}",-0.0038356255254389676,-0.004618056925334066,-0.004812379795913662,-0.04441514452830485,-0.3433267979904012,-0.2591088754602958,-0.07476420406065915,-0.0503324760485358,-0.010420355445341072,-0.0018556341674859688,-0.07974895499477105,0.1147513465753405,59
115,0.001564621925354004,0.0003112315665859131,0.0,0.0,gpu_hist,0.6,0.1,0.1,2000,3,9,0.001,0.0,0.7,0.6,"{'tree_method': 'gpu_hist', 'subsample': 0.6, 'reg_lambda': 0.1, 'reg_alpha': 0.1, 'n_estimators': 2000, 'min_child_weight': 3, 'max_depth': 9, 'learning_rate': 0.001, 'gamma': 0, 'colsample_bytree': 0.7, 'colsample_bylevel': 0.6}",,,,,,,,,,,,,84
116,0.14913737773895264,0.06933859623701867,0.0008734226226806641,0.00030551859852871304,hist,0.9,0.5,2.0,2000,7,9,0.001,0.01,0.6,0.6,"{'tree_method': 'hist', 'subsample': 0.9, 'reg_lambda': 0.5, 'reg_alpha': 2.0, 'n_estimators': 2000, 'min_child_weight': 7, 'max_depth': 9, 'learning_rate': 0.001, 'gamma': 0.01, 'colsample_bytree': 0.6, 'colsample_bylevel': 0.6}",-0.0038356255254389676,-0.004618056925334066,-0.004812379795913662,-0.04441514452830485,-0.31791779518347824,-0.09656417989019388,-0.029594848896147913,-0.023650698103741208,-0.011507650144400364,-0.0034393781163672525,-0.05403557571093205,0.09209196456772535,38
117,0.1766590118408203,0.03975262425163869,0.0010791063308715821,0.0005618551763204098,hist,1.0,5.0,1.0,3000,7,7,0.1,0.2,0.7,0.9,"{'tree_method': 'hist', 'subsample': 1.0, 'reg_lambda': 5.0, 'reg_alpha': 1.0, 'n_estimators': 3000, 'min_child_weight': 7, 'max_depth': 7, 'learning_rate': 0.1, 'gamma': 0.2, 'colsample_bytree': 0.7, 'colsample_bylevel': 0.9}",-0.0038356255254389676,-0.004618056925334066,-0.004812379795913662,-0.04441514452830485,-0.3373249163083354,-0.08462722792038038,-0.022721723640497016,-0.016000688886998987,-0.013693325466390256,-0.0015849393678576927,-0.053363402836545115,0.09770750214075112,34
118,0.12262213230133057,0.04176395203207741,0.000902867317199707,0.00028610288004020623,approx,0.5,1.0,5.0,2000,5,2,0.001,0.3,0.8,0.7,"{'tree_method': 'approx', 'subsample': 0.5, 'reg_lambda': 1.0, 'reg_alpha': 5.0, 'n_estimators': 2000, 'min_child_weight': 5, 'max_depth': 2, 'learning_rate': 0.001, 'gamma': 0.3, 'colsample_bytree': 0.8, 'colsample_bylevel': 0.7}",-0.0038356255254389676,-0.004618056925334066,-0.004812379795913662,-0.04441514452830485,-0.3433267979904012,-0.3615280355054983,-0.1643408228761382,-0.10282593479224673,-0.019974286509279144,-0.0013513392985490522,-0.10510284237471042,0.1334629220521722,75
119,0.45373876094818116,0.09551715241554565,0.001234126091003418,0.0007521675950728495,approx,0.9,2.0,0.0,5000,2,2,0.0001,0.0,0.7,0.5,"{'tree_method': 'approx', 'subsample': 0.9, 'reg_lambda': 2.0, 'reg_alpha': 0, 'n_estimators': 5000, 'min_child_weight': 2, 'max_depth': 2, 'learning_rate': 0.0001, 'gamma': 0, 'colsample_bytree': 0.7, 'colsample_bylevel': 0.5}",-0.002470433585837649,-0.0032571490272548078,-0.003913583481701913,-0.03669274619581388,-0.26638140970359636,-0.18609306893691882,-0.10718522700220279,-0.09530965160046187,-0.01997342807784116,-0.004016609398062972,-0.07252933070096922,0.08680478500614436,56
120,0.0017392873764038087,0.00023374897100509917,0.0,0.0,gpu_hist,0.9,0.01,0.5,2000,7,9,0.01,0.0,1.0,0.5,"{'tree_method': 'gpu_hist', 'subsample': 0.9, 'reg_lambda': 0.01, 'reg_alpha': 0.5, 'n_estimators': 2000, 'min_child_weight': 7, 'max_depth': 9, 'learning_rate': 0.01, 'gamma': 0, 'colsample_bytree': 1.0, 'colsample_bylevel': 0.5}",,,,,,,,,,,,,84
121,0.0011489391326904297,0.0002712703291681789,0.0,0.0,gpu_hist,0.7,0.1,0.1,3000,3,3,0.0001,0.3,1.0,0.8,"{'tree_method': 'gpu_hist', 'subsample': 0.7, 'reg_lambda': 0.1, 'reg_alpha': 0.1, 'n_estimators': 3000, 'min_child_weight': 3, 'max_depth': 3, 'learning_rate': 0.0001, 'gamma': 0.3, 'colsample_bytree': 1.0, 'colsample_bylevel': 0.8}",,,,,,,,,,,,,84
122,0.24474806785583497,0.10242571169744388,0.0009711980819702148,0.0003151213679722184,hist,0.9,1.0,1.0,3000,7,9,0.0005,0.3,0.7,0.9,"{'tree_method': 'hist', 'subsample': 0.9, 'reg_lambda': 1.0, 'reg_alpha': 1.0, 'n_estimators': 3000, 'min_child_weight': 7, 'max_depth': 9, 'learning_rate': 0.0005, 'gamma': 0.3, 'colsample_bytree': 0.7, 'colsample_bylevel': 0.9}",-0.0038356255254389676,-0.004618056925334066,-0.004812379795913662,-0.04441514452830485,-0.3433315150540071,-0.09937505182962231,-0.038802886353392824,-0.03218989361088635,-0.011182439605769832,-0.0016121499872421671,-0.058417514321591216,0.09916010897490321,43
123,0.39034390449523926,0.11416144796017533,0.0009232759475708008,0.0004592985662665803,hist,0.9,0.5,0.1,5000,1,4,0.01,0.2,1.0,0.9,"{'tree_method': 'hist', 'subsample': 0.9, 'reg_lambda': 0.5, 'reg_alpha': 0.1, 'n_estimators': 5000, 'min_child_weight': 1, 'max_depth': 4, 'learning_rate': 0.01, 'gamma': 0.2, 'colsample_bytree': 1.0, 'colsample_bylevel': 0.9}",-0.0037602980901562865,-0.004575518237930539,-0.00484392486503888,-0.04450088114706332,-0.2890664576787806,-0.04721280070870527,-0.013358260308950175,-0.009231493388285248,-0.014387501810142207,-0.0020013550343905406,-0.0432938491269443,0.0834016955716476,22
124,0.12126641273498535,0.029234017289144425,0.0007865190505981446,0.0002612134767392315,hist,0.8,10.0,1.0,2000,1,9,0.1,0.01,0.6,1.0,"{'tree_method': 'hist', 'subsample': 0.8, 'reg_lambda': 10.0, 'reg_alpha': 1.0, 'n_estimators': 2000, 'min_child_weight': 1, 'max_depth': 9, 'learning_rate': 0.1, 'gamma': 0.01, 'colsample_bytree': 0.6, 'colsample_bylevel': 1.0}",-0.0038356255254389676,-0.004618056925334066,-0.004624494098067902,-0.03964308220174549,-0.2712574645632676,-0.04283128606203384,-0.009125941273036947,-0.00619470470234583,-0.014978207988132842,-0.005486392832793971,-0.040259525617219745,0.07823805972425348,18
125,0.001069331169128418,0.00042295207903993815,0.0,0.0,gpu_hist,0.5,0.01,0.01,3000,1,4,0.1,0.1,0.7,0.7,"{'tree_method': 'gpu_hist', 'subsample': 0.5, 'reg_lambda': 0.01, 'reg_alpha': 0.01, 'n_estimators': 3000, 'min_child_weight': 1, 'max_depth': 4, 'learning_rate': 0.1, 'gamma': 0.1, 'colsample_bytree': 0.7, 'colsample_bylevel': 0.7}",,,,,,,,,,,,,84
126,0.02938554286956787,0.006283271952717247,0.0007362604141235351,0.00020891297764447062,hist,0.7,2.0,0.1,500,1,7,0.1,0.2,0.6,0.6,"{'tree_method': 'hist', 'subsample': 0.7, 'reg_lambda': 2.0, 'reg_alpha': 0.1, 'n_estimators': 500, 'min_child_weight': 1, 'max_depth': 7, 'learning_rate': 0.1, 'gamma': 0.2, 'colsample_bytree': 0.6, 'colsample_bylevel': 0.6}",-0.003758752192059064,-0.004673811687557223,-0.004733200405476416,-0.043921973248804674,-0.2895758435552987,-0.04457887425998585,-0.01629641954684337,-0.009110228472732265,-0.011911969223157159,-0.0022810745755607507,-0.04308421471674755,0.08352372904881963,21
127,0.03126535415649414,0.007452135429804983,0.0007191658020019531,0.0002887698862196804,hist,0.9,1.5,0.1,500,5,6,0.05,0.3,0.7,0.9,"{'tree_method': 'hist', 'subsample': 0.9, 'reg_lambda': 1.5, 'reg_alpha': 0.1, 'n_estimators': 500, 'min_child_weight': 5, 'max_depth': 6, 'learning_rate': 0.05, 'gamma': 0.3, 'colsample_bytree': 0.7, 'colsample_bylevel': 0.9}",-0.003859064310125669,-0.004595968084207388,-0.004800970854344765,-0.044358591271241976,-0.3104360964963969,-0.058277664763612916,-0.01646090628294705,-0.012736017291770355,-0.013753863466871255,-0.001774092598389302,-0.047105323541990755,0.08957118629106313,27
128,0.0010692834854125976,0.000328360198733263,0.0,0.0,gpu_hist,0.6,0.5,5.0,1000,2,8,0.0001,0.2,0.5,0.8,"{'tree_method': 'gpu_hist', 'subsample': 0.6, 'reg_lambda': 0.5, 'reg_alpha': 5.0, 'n_estimators': 1000, 'min_child_weight': 2, 'max_depth': 8, 'learning_rate': 0.0001, 'gamma': 0.2, 'colsample_bytree': 0.5, 'colsample_bylevel': 0.8}",,,,,,,,,,,,,84
129,0.10194308757781982,0.04182477061209673,0.0009026288986206055,0.0002458113460771522,hist,1.0,2.0,0.0,1000,7,9,0.0001,0.1,0.8,0.6,"{'tree_method': 'hist', 'subsample': 1.0, 'reg_lambda': 2.0, 'reg_alpha': 0, 'n_estimators': 1000, 'min_child_weight': 7, 'max_depth': 9, 'learning_rate': 0.0001, 'gamma': 0.1, 'colsample_bytree': 0.8, 'colsample_bylevel': 0.6}",-0.0034739507471416133,-0.004293179775915476,-0.0045272842540386325,-0.04306738657247933,-0.3319971901617153,-0.3147847543366624,-0.2094445391733411,-0.186862092390145,-0.05149844649888198,-0.010213748916240783,-0.11601625728265619,0.12576188585389175,80
130,0.0013385295867919921,0.0004994755859727121,0.0,0.0,gpu_hist,1.0,2.0,0.1,3000,3,5,0.001,0.1,0.7,0.7,"{'tree_method': 'gpu_hist', 'subsample': 1.0, 'reg_lambda': 2.0, 'reg_alpha': 0.1, 'n_estimators': 3000, 'min_child_weight': 3, 'max_depth': 5, 'learning_rate': 0.001, 'gamma': 0.1, 'colsample_bytree': 0.7, 'colsample_bylevel': 0.7}",,,,,,,,,,,,,84
131,0.029880070686340333,0.009199367566467968,0.00061492919921875,0.0001630042839472544,hist,1.0,5.0,0.1,500,2,8,0.05,0.5,0.7,0.9,"{'tree_method': 'hist', 'subsample': 1.0, 'reg_lambda': 5.0, 'reg_alpha': 0.1, 'n_estimators': 500, 'min_child_weight': 2, 'max_depth': 8, 'learning_rate': 0.05, 'gamma': 0.5, 'colsample_bytree': 0.7, 'colsample_bylevel': 0.9}",-0.0038356255254389676,-0.004618056925334066,-0.004812379795913662,-0.04441514452830485,-0.3433267979904012,-0.08879793314249051,-0.02591083927952591,-0.01964414577462917,-0.01328788546567962,-0.0017522519519678132,-0.05504010603796857,0.09936449833826747,40
132,0.10418128967285156,0.05505347513086864,0.0007460355758666992,0.00020684590386857142,hist,0.8,1.5,2.0,1000,10,3,0.0005,0.05,1.0,0.9,"{'tree_method': 'hist', 'subsample': 0.8, 'reg_lambda': 1.5, 'reg_alpha': 2.0, 'n_estimators': 1000, 'min_child_weight': 10, 'max_depth': 3, 'learning_rate': 0.0005, 'gamma': 0.05, 'colsample_bytree': 1.0, 'colsample_bylevel': 0.9}",-0.0038356255254389676,-0.004618056925334066,-0.004812379795913662,-0.04441514452830485,-0.34283933146209655,-0.2356863215723599,-0.12731303981088382,-0.11120202695994182,-0.02292001286218257,-0.0034074823550814637,-0.09010494217975376,0.11092393100170808,69
133,0.0013826131820678712,0.000502744947460577,0.0,0.0,gpu_hist,0.7,1.5,0.0,1000,1,9,0.1,0.1,0.9,1.0,"{'tree_method': 'gpu_hist', 'subsample': 0.7, 'reg_lambda': 1.5, 'reg_alpha': 0, 'n_estimators': 1000, 'min_child_weight': 1, 'max_depth': 9, 'learning_rate': 0.1, 'gamma': 0.1, 'colsample_bytree': 0.9, 'colsample_bylevel': 1.0}",,,,,,,,,,,,,84
134,0.0009546279907226562,0.00035630088026935365,0.0,0.0,gpu_hist,0.6,2.0,0.5,5000,1,5,0.0005,0.0,1.0,0.8,"{'tree_method': 'gpu_hist', 'subsample': 0.6, 'reg_lambda': 2.0, 'reg_alpha': 0.5, 'n_estimators': 5000, 'min_child_weight': 1, 'max_depth': 5, 'learning_rate': 0.0005, 'gamma': 0, 'colsample_bytree': 1.0, 'colsample_bylevel': 0.8}",,,,,,,,,,,,,84
135,0.0011145591735839844,0.0005343000870584676,0.0,0.0,gpu_hist,0.9,1.5,0.1,3000,2,7,0.01,0.0,0.9,0.8,"{'tree_method': 'gpu_hist', 'subsample': 0.9, 'reg_lambda': 1.5, 'reg_alpha': 0.1, 'n_estimators': 3000, 'min_child_weight': 2, 'max_depth': 7, 'learning_rate': 0.01, 'gamma': 0, 'colsample_bytree': 0.9, 'colsample_bylevel': 0.8}",,,,,,,,,,,,,84
136,0.1637906551361084,0.06365019833715484,0.0009243965148925781,0.0004649850207566601,approx,0.7,1.0,0.1,2000,7,4,0.0005,0.5,0.8,0.7,"{'tree_method': 'approx', 'subsample': 0.7, 'reg_lambda': 1.0, 'reg_alpha': 0.1, 'n_estimators': 2000, 'min_child_weight': 7, 'max_depth': 4, 'learning_rate': 0.0005, 'gamma': 0.5, 'colsample_bytree': 0.8, 'colsample_bylevel': 0.7}",-0.003695681662685385,-0.004567812146319329,-0.004854090530095499,-0.04456234824508759,-0.3439695749731396,-0.11142591436766412,-0.05597495505918576,-0.048495431318472976,-0.010976445996514567,-0.0014440212975626219,-0.06299662755967275,0.09934611724902125,50
137,0.17443017959594725,0.056657151559873484,0.0007144689559936523,0.0002004039999478584,hist,0.8,10.0,0.0,2000,2,8,0.01,0.01,0.8,0.9,"{'tree_method': 'hist', 'subsample': 0.8, 'reg_lambda': 10.0, 'reg_alpha': 0, 'n_estimators': 2000, 'min_child_weight': 2, 'max_depth': 8, 'learning_rate': 0.01, 'gamma': 0.01, 'colsample_bytree': 0.8, 'colsample_bylevel': 0.9}",-0.0008158856711814257,-0.0017294193784924087,-0.003799894588395098,-0.026646648746763927,-0.13250022438868825,-0.01349194559452693,-0.006481764098282412,-0.001760208488599969,-0.013561881634448379,-0.0033404654495554206,-0.020412833803893422,0.03813114057000096,3
138,0.03070199489593506,0.007075567062810123,0.0008142948150634766,0.00023168464997089263,approx,0.8,2.0,0.01,500,2,6,0.05,0.3,0.7,0.7,"{'tree_method': 'approx', 'subsample': 0.8, 'reg_lambda': 2.0, 'reg_alpha': 0.01, 'n_estimators': 500, 'min_child_weight': 2, 'max_depth': 6, 'learning_rate': 0.05, 'gamma': 0.3, 'colsample_bytree': 0.7, 'colsample_bylevel': 0.7}",-0.0038583526305398536,-0.004640896701329533,-0.004781786218426265,-0.04418877906532619,-0.30385152466301985,-0.0575752770395388,-0.015494818181965957,-0.012642861073611412,-0.011337642583539052,-0.002248516436577145,-0.0460620454593874,0.08773198334773247,25
139,0.21411621570587158,0.08477908173492026,0.0009277582168579102,0.00026146605976181623,hist,0.6,1.5,5.0,3000,10,8,0.005,0.0,0.8,1.0,"{'tree_method': 'hist', 'subsample': 0.6, 'reg_lambda': 1.5, 'reg_alpha': 5.0, 'n_estimators': 3000, 'min_child_weight': 10, 'max_depth': 8, 'learning_rate': 0.005, 'gamma': 0, 'colsample_bytree': 0.8, 'colsample_bylevel': 1.0}",-0.0038356255254389676,-0.004618056925334066,-0.004812379795913662,-0.04441514452830485,-0.3433267979904012,-0.24963289588194226,-0.06757390693925966,-0.04269973536527505,-0.011711633789304895,-0.0018821510193296693,-0.07745083277605043,0.11347496007542417,57
140,0.0011368989944458008,0.0005397614470304574,0.0,0.0,gpu_hist,0.6,0.1,5.0,500,5,9,0.05,0.1,0.9,0.5,"{'tree_method': 'gpu_hist', 'subsample': 0.6, 'reg_lambda': 0.1, 'reg_alpha': 5.0, 'n_estimators': 500, 'min_child_weight': 5, 'max_depth': 9, 'learning_rate': 0.05, 'gamma': 0.1, 'colsample_bytree': 0.9, 'colsample_bylevel': 0.5}",,,,,,,,,,,,,84
141,0.06004931926727295,0.019497490180406588,0.0012608766555786133,0.0011523621023248518,hist,0.6,0.1,1.0,1000,2,9,0.01,0.5,0.7,0.6,"{'tree_method': 'hist', 'subsample': 0.6, 'reg_lambda': 0.1, 'reg_alpha': 1.0, 'n_estimators': 1000, 'min_child_weight': 2, 'max_depth': 9, 'learning_rate': 0.01, 'gamma': 0.5, 'colsample_bytree': 0.7, 'colsample_bylevel': 0.6}",-0.0038356255254389676,-0.004618056925334066,-0.004812379795913662,-0.04441514452830485,-0.34418138217837607,-0.12477113451152085,-0.03950461120742993,-0.029453612759942037,-0.013153583963273454,-0.001659488443650989,-0.061040501983918485,0.10070006645527377,46
142,0.11289408206939697,0.021775384892215966,0.0008331060409545899,0.00026112216346817305,hist,0.7,0.5,0.0,2000,5,8,0.1,0.05,0.9,0.5,"{'tree_method': 'hist', 'subsample': 0.7, 'reg_lambda': 0.5, 'reg_alpha': 0, 'n_estimators': 2000, 'min_child_weight': 5, 'max_depth': 8, 'learning_rate': 0.1, 'gamma': 0.05, 'colsample_bytree': 0.9, 'colsample_bylevel': 0.5}",-0.0009579958717388311,-0.002486791070153446,-0.003181395298041407,-0.032176957293795924,-0.1697060431047583,-0.018266981032412408,-0.006327963318173429,-0.002287907076655623,-0.013207779577192743,-0.002165709794377513,-0.025076552343729963,0.049114643447042416,5
143,0.06823885440826416,0.04294416995241853,0.0008638620376586914,0.00023348603149145176,approx,1.0,0.1,5.0,500,3,4,0.001,0.01,0.9,0.8,"{'tree_method': 'approx', 'subsample': 1.0, 'reg_lambda': 0.1, 'reg_alpha': 5.0, 'n_estimators': 500, 'min_child_weight': 3, 'max_depth': 4, 'learning_rate': 0.001, 'gamma': 0.01, 'colsample_bytree': 0.9, 'colsample_bylevel': 0.8}",-0.0038356255254389676,-0.004618056925334066,-0.004812379795913662,-0.04441514452830485,-0.3433267979904012,-0.28163448840273664,-0.14425125348715429,-0.121894291181171,-0.025571490356515535,-0.01058724896075106,-0.09849467771537213,0.11774710006796588,70
144,0.14892153739929198,0.08074470470025524,0.0009699344635009765,0.000593836768289871,hist,0.5,0.01,0.01,1000,3,9,0.005,0.01,1.0,1.0,"{'tree_method': 'hist', 'subsample': 0.5, 'reg_lambda': 0.01, 'reg_alpha': 0.01, 'n_estimators': 1000, 'min_child_weight': 3, 'max_depth': 9, 'learning_rate': 0.005, 'gamma': 0.01, 'colsample_bytree': 1.0, 'colsample_bylevel': 1.0}",-0.0010272107794918983,-0.0017536418411539603,-0.004168882046343083,-0.026338593219383314,-0.0893021273757526,-0.010662863630478255,-0.009328252463061782,-0.0016474365922176555,-0.014678703041503215,-0.0019767550109813245,-0.016088446600036707,0.02554313839623878,1
145,0.037439584732055664,0.013242042634038135,0.0007729053497314454,0.00021561279240992482,approx,1.0,0.1,0.5,500,10,7,0.0001,0.5,0.7,0.5,"{'tree_method': 'approx', 'subsample': 1.0, 'reg_lambda': 0.1, 'reg_alpha': 0.5, 'n_estimators': 500, 'min_child_weight': 10, 'max_depth': 7, 'learning_rate': 0.0001, 'gamma': 0.5, 'colsample_bytree': 0.7, 'colsample_bylevel': 0.5}",-0.0038356255254389676,-0.004618056925334066,-0.004812379795913662,-0.04441514452830485,-0.3433267979904012,-0.3367096831155695,-0.22783379647434748,-0.20277465033970177,-0.05844629984130757,-0.01004414040680894,-0.12368165749431279,0.13298486072120605,83
146,0.31848232746124266,0.13501569911776393,0.000919175148010254,0.00046398805068456205,hist,0.7,1.5,1.0,3000,10,9,0.0005,0.0,1.0,1.0,"{'tree_method': 'hist', 'subsample': 0.7, 'reg_lambda': 1.5, 'reg_alpha': 1.0, 'n_estimators': 3000, 'min_child_weight': 10, 'max_depth': 9, 'learning_rate': 0.0005, 'gamma': 0, 'colsample_bytree': 1.0, 'colsample_bylevel': 1.0}",-0.0038356255254389676,-0.004567915337149422,-0.004481871388140493,-0.040664031943317025,-0.29011600767696477,-0.10135852808815629,-0.03699960853575295,-0.032226675688463324,-0.010402844140331203,-0.001832030712019833,-0.05264851390357343,0.08423213321723631,32
147,0.0011281251907348632,0.0004972284264463544,0.0,0.0,gpu_hist,0.8,0.1,0.5,500,3,7,0.05,0.5,0.6,1.0,"{'tree_method': 'gpu_hist', 'subsample': 0.8, 'reg_lambda': 0.1, 'reg_alpha': 0.5, 'n_estimators': 500, 'min_child_weight': 3, 'max_depth': 7, 'learning_rate': 0.05, 'gamma': 0.5, 'colsample_bytree': 0.6, 'colsample_bylevel': 1.0}",,,,,,,,,,,,,84
148,0.32567107677459717,0.08988118901174397,0.0013137340545654296,0.00043210921448507805,approx,0.8,1.5,5.0,5000,5,2,0.1,0.3,1.0,1.0,"{'tree_method': 'approx', 'subsample': 0.8, 'reg_lambda': 1.5, 'reg_alpha': 5.0, 'n_estimators': 5000, 'min_child_weight': 5, 'max_depth': 2, 'learning_rate': 0.1, 'gamma': 0.3, 'colsample_bytree': 1.0, 'colsample_bylevel': 1.0}",-0.0038356255254389676,-0.004618056925334066,-0.004812379795913662,-0.04441514452830485,-0.3433267979904012,-0.27846328975133544,-0.07983995198209393,-0.052514981096085794,-0.011188722109143467,-0.0019326724141639107,-0.08249476221182153,0.11775156154652769,61
149,0.2028228759765625,0.07523895671718643,0.0007527589797973633,0.00020241465106162046,approx,0.8,1.0,2.0,3000,7,5,0.001,0.5,0.8,0.5,"{'tree_method': 'approx', 'subsample': 0.8, 'reg_lambda': 1.0, 'reg_alpha': 2.0, 'n_estimators': 3000, 'min_child_weight': 7, 'max_depth': 5, 'learning_rate': 0.001, 'gamma': 0.5, 'colsample_bytree': 0.8, 'colsample_bylevel': 0.5}",-0.0038356255254389676,-0.004618056925334066,-0.004812379795913662,-0.04441514452830485,-0.3433267979904012,-0.1649917560976153,-0.05328470424673494,-0.03563672074789348,-0.011702838708671502,-0.0016322766826979548,-0.06682563012490059,0.10330521780222879,52
